,MP,FG%,3P%,2P%,eFG%,FT%,ORB,DRB,TRB,AST,STL,BLK,TOV,PF,PTS,Pos_C,Pos_PF,Pos_PG,Pos_SF,Pos_SG,Cluster,Player,Year,Pos,Name
0,22.0,47.8,25.0,56.0,56.0,74.3,2.0,4.4,6.4,1.0,0.6,0.7,1.2,1.9,10.2,1,0,0,0,0,7,Precious Achiuwa,2023,C,Offensive Big Men
1,27.0,59.7,0.0,59.9,59.9,36.4,5.1,6.5,11.5,2.3,0.9,1.1,1.9,2.3,8.6,1,0,0,0,0,1,Steven Adams,2023,C,All Stars
2,35.0,54.0,10.0,54.6,54.6,79.1,2.8,7.2,10.0,3.2,1.2,0.8,2.7,2.9,21.4,1,0,0,0,0,7,Bam Adebayo,2023,C,All Stars
3,12.9,47.8,36.0,62.5,62.5,62.5,0.6,1.0,1.6,0.5,0.1,0.1,0.3,1.3,3.9,0,0,0,0,1,8,Ochai Agbaji,2023,SG,6th Men
4,21.8,47.9,37.2,59.6,59.6,71.1,1.1,3.5,4.6,1.2,0.7,0.7,0.7,2.0,9.1,0,1,0,0,0,4,Santi Aldama,2023,PF,Bench Warmers
5,14.9,49.4,40.2,59.3,59.3,69.2,0.2,1.5,1.7,2.2,0.7,0.4,1.3,1.6,6.5,0,0,0,0,1,8,Nickeil Alexander-Walker,2023,SG,6th Men
6,27.3,44.4,40.0,51.1,51.1,90.5,0.9,2.7,3.5,2.7,0.8,0.2,1.1,1.5,10.6,0,0,0,0,1,5,Grayson Allen,2023,SG,Offensive Big Men
7,33.1,63.3,12.5,64.3,64.3,71.4,3.0,6.6,9.6,1.7,0.8,1.2,1.5,2.2,14.0,1,0,0,0,0,7,Jarrett Allen,2023,C,All Stars
8,22.2,40.7,34.1,47.6,47.6,81.3,0.4,2.0,2.4,3.2,1.2,0.2,1.3,2.1,9.5,0,0,1,0,0,0,Jose Alvarado,2023,PG,Offensive Big Men
9,26.7,49.4,44.3,51.0,51.0,78.2,0.7,3.9,4.7,4.2,1.2,0.9,1.5,2.4,8.5,0,1,0,0,0,0,Kyle Anderson,2023,PF,Offensive Big Men
10,33.4,53.4,27.4,57.8,57.8,64.4,2.4,9.7,12.0,5.3,0.8,0.8,4.1,3.5,31.7,0,1,0,0,0,3,Giannis Antetokounmpo,2023,PF,Role Players
11,4.2,23.5,0.0,30.8,30.8,50.0,0.3,0.7,1.0,0.2,0.1,0.1,0.3,0.5,0.5,0,0,0,1,0,2,Thanasis Antetokounmpo,2023,SF,Key Pieces
12,25.7,43.5,33.3,49.3,49.3,89.1,0.5,4.1,4.6,4.1,0.6,0.5,1.6,2.6,12.0,0,0,1,0,0,5,Cole Anthony,2023,PG,Rising Stars
13,35.8,45.7,36.6,51.3,51.3,82.1,1.5,4.0,5.5,2.0,2.1,0.8,2.2,3.0,16.9,0,0,0,1,0,3,OG Anunoby,2023,SF,Role Players
14,2.4,20.0,33.3,0.0,0.0,78.6,0.0,0.4,0.4,0.2,0.2,0.0,0.1,0.3,0.3,0,0,1,0,0,2,Ryan Arcidiacono,2023,PG,Key Pieces
15,26.2,43.9,28.6,54.4,54.4,75.5,1.1,5.2,6.3,2.5,0.8,0.5,1.4,3.0,8.7,0,0,0,1,0,0,Deni Avdija,2023,SF,Offensive Big Men
16,29.9,57.0,30.4,58.1,58.1,71.7,2.9,7.2,10.1,2.1,0.5,0.7,2.1,2.8,17.8,1,0,0,0,0,7,Deandre Ayton,2023,C,All Stars
17,3.9,82.4,29.7,82.4,82.4,33.3,0.6,0.9,1.5,0.3,0.1,0.2,0.2,0.4,1.7,1,0,0,0,0,4,Udoka Azubuike,2023,C,Bench Warmers
18,21.3,53.7,27.3,58.9,58.9,76.9,2.1,3.8,5.9,0.6,0.5,0.7,0.9,2.0,10.6,1,0,0,0,0,7,Marvin Bagley III,2023,C,Offensive Big Men
19,8.5,43.5,44.9,38.5,38.5,66.7,0.0,1.4,1.4,0.2,0.4,0.1,0.5,0.5,5.3,0,0,0,1,0,6,Patrick Baldwin Jr.,2023,SF,Key Pieces
21,34.4,40.1,35.9,45.2,45.2,88.0,1.0,4.5,5.5,8.2,1.1,0.3,3.3,3.5,23.0,0,0,1,0,0,3,LaMelo Ball,2023,PG,6th Men
22,16.9,49.8,39.6,59.6,59.6,68.6,1.2,3.4,4.6,1.0,0.3,0.9,0.5,2.1,7.2,1,0,0,0,0,4,Mo Bamba,2023,C,Role Players
23,33.7,43.3,31.6,47.9,47.9,76.3,1.0,5.4,6.4,3.7,1.0,0.5,2.8,2.3,20.7,0,1,0,0,0,3,Paolo Banchero,2023,PF,Role Players
24,31.1,45.8,42.3,48.4,48.4,89.3,0.6,4.4,5.1,4.2,0.8,0.3,2.2,2.4,21.6,0,0,0,0,1,3,Desmond Bane,2023,SG,Rising Stars
25,10.1,42.3,30.2,50.8,50.8,82.4,0.4,1.0,1.5,1.2,0.5,0.5,0.6,1.1,5.2,0,0,1,0,0,6,Dalano Banton,2023,PG,Key Reserves
26,6.5,42.9,0.0,75.0,75.0,0.1,0.5,0.3,0.8,0.8,0.3,0.0,0.0,0.8,2.5,0,0,0,1,0,1,Dominick Barlow,2023,SF,Role Players
27,32.7,47.7,38.2,56.2,56.2,82.1,0.9,3.8,4.8,1.7,0.8,0.1,1.2,1.3,15.2,0,1,0,0,0,3,Harrison Barnes,2023,PF,Offensive Big Men
28,34.8,46.5,29.1,51.4,51.4,77.0,2.3,4.8,7.1,4.9,1.0,0.9,2.0,2.1,15.7,0,1,0,0,0,0,Scottie Barnes,2023,PF,Role Players
29,34.7,43.4,34.4,48.0,48.0,75.7,0.9,4.6,5.4,2.8,0.5,0.2,2.3,2.4,20.3,0,0,0,0,1,3,RJ Barrett,2023,SG,Rising Stars
30,19.7,37.9,37.4,38.4,38.4,80.5,0.2,2.5,2.7,2.5,0.4,0.3,1.1,1.0,7.5,0,0,0,0,1,6,Will Barton,2023,SG,Bench Warmers
31,13.6,67.1,33.3,70.3,70.3,66.7,1.8,3.4,5.2,1.2,0.3,0.9,1.2,2.1,4.7,1,0,0,0,0,4,Charles Bassey,2023,C,All Stars
32,18.3,49.8,36.2,54.8,54.8,78.3,1.1,1.9,3.0,0.9,0.6,0.2,0.7,0.9,7.6,0,0,0,1,0,7,Keita Bates-Diop,2023,SF,Defensive Big Men
33,21.8,43.0,40.0,55.3,55.3,66.7,0.9,3.4,4.2,1.5,0.6,0.7,0.7,2.1,6.2,0,1,0,0,0,8,Nicolas Batum,2023,PF,6th Men
34,15.7,44.0,36.6,46.8,46.8,55.6,0.7,2.6,3.4,0.9,0.5,0.9,0.6,1.0,5.5,0,1,0,0,0,8,Darius Bazley,2023,PF,Role Players
35,32.8,51.2,36.2,56.6,56.6,84.9,0.8,2.7,3.5,5.2,0.8,0.6,2.7,1.8,22.0,0,0,0,0,1,3,Bradley Beal,2023,SG,Rising Stars
36,27.0,40.1,36.2,49.2,49.2,84.1,0.5,3.0,3.6,1.7,0.8,0.2,1.1,1.3,13.6,0,0,0,0,1,5,Malik Beasley,2023,SG,Defensive Big Men
37,14.9,39.9,32.7,50.0,50.0,72.0,0.9,1.4,2.4,0.7,0.4,0.1,1.0,1.6,5.9,0,0,0,1,0,8,MarJon Beauchamp,2023,SF,Bench Warmers
38,10.8,40.7,36.2,71.4,71.4,83.3,0.2,0.8,0.9,0.4,0.2,0.1,0.3,1.2,4.0,0,1,0,0,0,4,Dāvis Bertāns,2023,PF,Offensive Big Men
39,27.0,39.0,34.2,48.1,48.1,81.4,0.6,2.6,3.2,2.5,0.9,0.5,0.9,2.7,6.4,0,0,1,0,0,0,Patrick Beverley,2023,PG,Rising Stars
40,28.8,40.2,34.3,45.7,45.7,85.3,1.1,3.5,4.5,1.5,1.0,0.2,1.1,1.6,14.6,0,0,0,1,0,5,Saddiq Bey,2023,SF,Bench Warmers
42,8.1,59.4,50.0,60.0,60.0,80.0,0.4,0.9,1.3,0.4,0.3,0.3,0.4,1.2,2.2,1,0,0,0,0,4,Khem Birch,2023,C,6th Men
43,9.6,51.9,28.6,60.5,60.5,45.8,1.2,1.1,2.3,0.9,0.4,0.5,0.6,1.6,3.3,1,0,0,0,0,8,Goga Bitadze,2023,C,6th Men
44,14.3,55.6,29.7,55.6,55.6,32.7,1.2,3.0,4.2,0.9,0.3,1.4,0.9,2.0,3.9,1,0,0,0,0,8,Bismack Biyombo,2023,C,Offensive Big Men
45,1.0,42.45,33.3,49.3,49.3,78.6,0.0,0.0,0.0,0.0,0.0,0.0,0.0,0.0,0.0,0,0,1,0,0,4,Buddy Boeheim,2023,PG,Role Players
46,30.8,42.7,36.7,50.7,50.7,76.9,0.3,3.0,3.4,3.1,0.8,0.3,1.2,1.6,15.4,0,0,0,0,1,0,Bogdan Bogdanović,2023,SG,Bench Warmers
47,31.6,48.7,41.6,53.5,53.5,88.1,0.6,3.1,3.7,2.7,0.6,0.1,2.2,1.8,21.4,0,1,0,0,0,3,Bojan Bogdanović,2023,PF,Key Pieces
48,24.4,57.7,34.7,63.8,63.8,74.1,1.2,5.3,6.6,0.9,0.5,1.5,1.9,1.3,11.0,0,1,0,0,0,4,Bol Bol,2023,PF,Role Players
49,5.0,15.8,0.0,20.0,20.0,78.3,0.2,0.2,0.4,0.5,0.2,0.1,0.5,0.6,0.5,0,0,0,0,1,2,Leandro Bolmaro,2023,SG,Key Pieces
50,34.6,47.7,37.0,52.4,52.4,85.0,0.8,3.8,4.6,5.6,0.9,0.4,2.4,2.7,27.1,0,0,0,0,1,3,Devin Booker,2023,SG,All Stars
51,11.5,38.9,39.3,38.8,38.8,76.5,0.4,1.1,1.4,1.0,0.4,0.0,0.6,1.0,6.4,0,0,0,0,1,6,Brandon Boston Jr.,2023,SG,Defensive Big Men
52,20.4,47.1,31.0,56.0,56.0,74.2,2.2,3.5,5.7,0.5,0.7,0.7,0.5,1.9,9.4,0,1,0,0,0,7,Chris Boucher,2023,PF,Key Reserves
53,13.6,32.8,25.0,41.4,41.4,68.2,0.2,1.8,2.0,1.1,0.5,0.2,0.7,1.1,4.3,0,0,0,0,1,8,James Bouknight,2023,SG,Offensive Big Men
54,2.6,50.0,50.0,50.0,50.0,0.1,0.1,0.9,1.0,0.1,0.1,0.0,0.1,0.1,1.2,1,0,0,0,0,1,Tony Bradley,2023,C,6th Men
55,19.7,41.2,27.7,53.4,53.4,80.6,0.3,1.5,1.8,1.7,0.5,0.1,1.0,1.4,7.1,0,0,0,1,0,0,Malaki Branham,2023,SF,Role Players
56,13.7,46.5,34.0,52.6,52.6,59.3,0.6,1.4,2.0,0.6,0.3,0.2,0.4,1.0,3.6,0,0,0,0,1,8,Christian Braun,2023,SG,Defensive Big Men
57,36.5,46.5,39.9,49.9,49.9,89.3,1.0,3.4,4.3,3.6,1.2,0.8,1.4,2.0,16.8,0,0,0,1,0,3,Mikal Bridges,2023,SF,Offensive Big Men
58,16.4,39.7,33.0,47.4,47.4,69.8,0.9,2.5,3.4,0.6,0.6,0.2,0.5,1.3,5.7,0,0,0,1,0,8,Oshae Brissett,2023,SF,Defensive Big Men
59,25.0,47.6,44.7,49.6,49.6,87.9,0.8,3.6,4.3,3.7,0.6,0.3,1.5,1.5,14.5,0,0,1,0,0,5,Malcolm Brogdon,2023,PG,All Stars
60,30.6,39.4,31.8,44.5,44.5,78.2,0.6,2.8,3.5,2.7,0.8,0.2,1.6,3.3,15.6,0,0,0,1,0,0,Dillon Brooks,2023,SF,6th Men
61,28.9,49.2,39.8,54.9,54.9,71.2,0.8,3.4,4.2,3.6,1.1,0.7,1.6,2.4,11.2,0,0,0,0,1,7,Bruce Brown,2023,SG,Role Players
63,5.9,42.3,16.7,50.0,50.0,41.7,0.1,1.1,1.2,0.1,0.3,0.3,0.4,0.9,1.9,0,1,0,0,0,1,Greg Brown III,2023,PF,6th Men
64,36.0,49.1,32.8,58.4,58.4,78.6,1.3,5.9,7.2,3.2,1.1,0.5,3.1,2.7,27.0,0,0,0,1,0,3,Jaylen Brown,2023,SF,Key Pieces
65,6.7,57.1,0.0,66.7,66.7,50.0,0.3,0.7,1.0,0.5,0.7,0.0,0.3,1.5,1.5,0,0,0,0,1,1,Kendall Brown,2023,SG,Rising Stars
66,8.5,63.5,29.7,63.5,63.5,45.8,1.7,2.4,4.1,0.1,0.1,0.4,0.4,1.1,4.6,1,0,0,0,0,8,Moses Brown,2023,C,Role Players
67,6.0,0.0,0.0,0.0,0.0,78.3,0.8,1.3,2.0,0.5,0.8,0.0,0.0,1.0,0.0,0,0,0,0,1,2,Sterling Brown,2023,SG,Bench Warmers
68,23.9,42.6,34.8,53.0,53.0,95.8,0.8,3.3,4.2,1.0,0.8,0.2,0.7,1.4,6.8,0,0,0,1,0,5,Troy Brown Jr.,2023,SF,Defensive Big Men
69,34.4,46.9,39.8,49.4,49.4,84.8,0.6,2.9,3.5,6.2,1.0,0.3,2.1,2.4,22.5,0,0,1,0,0,3,Jalen Brunson,2023,PG,Offensive Big Men
70,22.4,64.7,44.7,68.6,68.6,74.3,1.8,5.4,7.2,0.8,0.4,0.6,0.8,2.1,12.7,1,0,0,0,0,4,Thomas Bryant,2023,C,Role Players
71,29.5,39.0,36.4,52.2,52.2,65.5,0.5,2.9,3.4,1.2,0.7,0.2,0.4,2.3,6.5,0,0,0,1,0,8,Reggie Bullock,2023,SF,Key Pieces
72,22.2,45.5,44.6,46.4,46.4,81.2,0.4,2.7,3.1,2.2,0.7,0.1,1.1,2.0,13.5,0,0,0,0,1,5,Alec Burks,2023,SG,Defensive Big Men
73,33.9,52.6,30.3,56.0,56.0,84.7,2.1,4.1,6.1,4.9,2.1,0.3,1.7,1.4,21.9,0,0,0,1,0,3,Jimmy Butler,2023,SF,Offensive Big Men
74,3.0,25.0,0.0,0.1,0.1,71.4,0.2,0.2,0.3,0.2,0.0,0.2,0.0,0.2,0.3,1,0,0,0,0,2,John Butler,2023,C,Key Pieces
75,13.9,52.1,18.2,62.2,62.2,75.0,0.9,2.0,2.9,0.6,0.6,0.0,0.3,1.2,4.9,0,0,0,1,0,1,Jamal Cain,2023,SF,Rising Stars
76,31.5,46.8,46.4,47.3,47.3,82.2,0.5,2.5,3.0,2.3,1.4,0.3,1.1,2.1,11.3,0,0,0,0,1,0,Kentavious Caldwell-Pope,2023,SG,All Stars
77,6.5,23.1,27.3,0.0,0.0,50.0,0.0,0.3,0.3,1.1,0.8,0.0,0.4,0.4,1.3,0,0,1,0,0,2,Facundo Campazzo,2023,PG,Key Reserves
78,14.2,49.2,45.5,53.2,53.2,94.1,0.4,1.7,2.1,1.2,0.4,0.2,0.7,1.7,4.8,0,1,0,0,0,5,Vlatko Čančar,2023,PF,Rising Stars
79,27.1,64.3,0.0,64.5,64.5,61.2,4.3,7.1,11.5,0.8,0.7,1.3,0.8,2.2,12.2,1,0,0,0,0,1,Clint Capela,2023,C,All Stars
80,2.7,16.7,29.7,16.7,16.7,0.1,0.3,0.6,0.9,0.2,0.2,0.2,0.2,0.4,0.4,1,0,0,0,0,1,Vernon Carey Jr.,2023,C,Offensive Big Men
81,23.2,41.6,40.2,43.4,43.4,81.5,0.5,2.1,2.5,2.7,1.1,0.4,1.2,2.0,7.4,0,0,1,0,0,6,Jevon Carter,2023,PG,Key Pieces
82,30.0,52.3,35.8,60.1,60.1,77.2,2.0,6.6,8.6,2.7,0.4,0.7,2.2,3.0,15.2,1,0,0,0,0,7,Wendell Carter Jr.,2023,C,Key Pieces
84,24.5,43.9,38.7,49.0,49.0,76.0,0.6,2.4,3.0,3.3,1.7,0.7,1.3,2.5,5.6,0,0,1,0,0,0,Alex Caruso,2023,PG,Rising Stars
85,3.5,0.0,0.0,0.0,0.0,77.2,0.0,0.0,0.0,0.0,0.5,0.0,0.0,0.0,0.0,0,0,0,1,0,2,Julian Champagnie,2023,SF,Defensive Big Men
86,3.7,0.1,34.55,0.1,0.1,77.2,0.3,1.0,1.3,0.3,0.0,0.0,0.0,0.3,2.0,0,0,0,1,0,2,Justin Champagnie,2023,SF,Defensive Big Men
87,9.6,39.4,14.3,46.2,46.2,45.5,0.3,1.0,1.3,2.0,0.4,0.2,0.7,0.6,2.6,0,0,1,0,0,1,Kennedy Chandler,2023,PG,Role Players
88,14.6,42.3,41.4,43.6,43.6,85.7,0.2,2.0,2.2,0.5,0.2,0.2,0.3,0.8,3.7,0,0,0,0,1,6,Max Christie,2023,SG,All Stars
89,8.4,40.9,15.2,51.9,51.9,76.2,0.3,0.8,1.1,0.7,0.2,0.2,0.8,0.6,3.5,0,0,0,0,1,8,Josh Christopher,2023,SG,Rising Stars
90,19.7,66.8,16.7,67.9,67.9,72.5,1.5,4.0,5.5,1.2,0.7,0.7,1.1,2.5,10.5,0,1,0,0,0,1,Brandon Clarke,2023,PF,All Stars
91,32.5,45.0,35.0,53.3,53.3,82.3,1.1,2.8,4.0,4.3,0.6,0.2,2.9,2.0,20.9,0,0,0,0,1,3,Jordan Clarkson,2023,SG,Bench Warmers
92,29.4,74.1,0.0,74.5,74.5,47.0,2.5,6.4,8.9,1.6,0.7,2.7,1.3,2.8,13.1,1,0,0,0,0,1,Nic Claxton,2023,C,Offensive Big Men
93,14.2,37.3,28.6,40.7,40.7,81.8,0.4,0.8,1.3,1.3,0.2,0.1,0.4,1.3,3.9,0,0,0,0,1,6,Amir Coffey,2023,SG,Defensive Big Men
94,31.6,51.3,25.9,62.9,62.9,78.4,1.2,6.5,7.7,1.3,0.7,1.2,1.3,3.4,13.5,0,1,0,0,0,7,John Collins,2023,PF,Defensive Big Men
95,20.7,53.6,37.1,58.4,58.4,73.9,2.0,4.0,5.9,2.5,0.4,0.7,1.9,3.2,9.6,1,0,0,0,0,4,Zach Collins,2023,C,Offensive Big Men
96,29.6,39.1,36.6,42.6,42.6,80.0,0.4,2.1,2.5,7.6,1.1,0.2,1.6,2.2,10.3,0,0,1,0,0,6,Mike Conley,2023,PG,Defensive Big Men
97,24.8,38.9,35.8,49.2,49.2,60.0,0.8,4.0,4.7,1.2,0.7,0.1,0.6,1.1,8.6,0,0,0,0,1,8,Pat Connaughton,2023,SG,Role Players
98,16.6,40.9,33.7,51.6,51.6,73.5,0.7,3.3,4.0,1.3,0.7,0.8,0.7,1.9,5.7,0,1,0,0,0,8,Robert Covington,2023,PF,Rising Stars
99,25.6,45.6,39.6,51.5,51.5,78.8,2.0,3.7,5.7,1.5,0.7,0.6,0.9,2.4,8.1,0,0,0,1,0,0,Torrey Craig,2023,SF,Role Players
100,13.7,39.5,8.3,51.6,51.6,69.2,1.0,2.8,3.8,0.6,0.6,0.2,0.7,1.4,4.4,0,0,0,0,1,8,Jarrett Culver,2023,SG,6th Men
101,33.3,41.5,27.9,46.6,46.6,83.7,1.0,5.2,6.2,6.0,0.8,0.6,3.3,2.8,19.9,0,0,1,0,0,3,Cade Cunningham,2023,PG,Role Players
102,23.2,46.7,42.4,51.3,51.3,97.1,0.3,1.8,2.1,2.1,0.6,0.2,1.1,1.9,10.8,0,0,0,0,1,5,Seth Curry,2023,SG,Key Reserves
103,34.6,49.4,42.7,58.6,58.6,92.1,0.6,5.7,6.3,6.5,1.0,0.4,3.2,2.0,29.7,0,0,1,0,0,3,Stephen Curry,2023,PG,Rising Stars
105,19.9,44.5,33.3,51.6,51.6,62.1,0.7,2.8,3.5,2.5,0.9,0.3,1.1,1.9,4.5,0,0,1,0,0,8,Dyson Daniels,2023,PG,6th Men
106,33.2,58.4,29.7,60.9,60.9,82.5,3.3,8.7,12.0,2.6,1.3,2.1,1.9,2.7,26.7,1,0,0,0,0,3,Anthony Davis,2023,C,6th Men
107,5.0,30.8,0.0,40.0,40.0,0.1,0.1,0.6,0.7,0.2,0.0,0.1,0.1,1.2,1.1,0,0,0,0,1,1,Johnny Davis,2023,SG,Role Players
108,12.9,41.9,34.6,55.9,55.9,88.5,0.4,2.0,2.4,1.3,0.8,0.3,0.9,1.7,6.5,0,0,0,0,1,6,Terence Davis,2023,SG,6th Men
109,2.4,20.0,0.0,33.3,33.3,78.6,0.0,0.4,0.4,0.2,0.2,0.0,0.2,0.0,0.4,0,0,1,0,0,2,JD Davison,2023,PG,Bench Warmers
110,11.7,51.2,30.6,59.6,59.6,72.7,1.0,2.7,3.7,0.5,0.2,0.4,0.7,2.0,5.9,1,0,0,0,0,8,Dewayne Dedmon,2023,C,6th Men
111,5.8,38.5,41.7,35.7,35.7,33.3,0.1,0.3,0.4,1.2,0.3,0.0,0.3,0.6,1.3,0,0,1,0,0,2,Matthew Dellavedova,2023,PG,Bench Warmers
112,36.2,51.3,32.4,52.9,52.9,89.0,0.5,4.4,4.9,5.0,1.0,0.5,2.0,2.7,26.4,0,0,0,1,0,3,DeMar DeRozan,2023,SF,6th Men
113,11.6,51.3,50.0,51.4,51.4,62.5,2.0,1.1,3.1,0.2,0.4,0.4,0.6,0.9,3.6,0,1,0,0,0,8,Moussa Diabaté,2023,PF,Role Players
114,6.6,44.0,28.6,63.6,63.6,74.85,0.2,0.6,0.8,0.1,0.1,0.4,0.4,0.8,1.9,0,1,0,0,0,4,Mamadi Diakite,2023,PF,Rising Stars
115,16.7,57.5,27.8,59.8,59.8,58.3,1.0,2.4,3.5,1.0,0.9,0.3,1.2,2.2,8.4,0,0,0,0,1,8,Hamidou Diallo,2023,SG,Role Players
116,9.8,40.7,27.8,66.7,66.7,75.0,0.9,1.9,2.8,1.6,0.1,0.4,0.8,1.4,3.4,1,0,0,0,0,4,Gorgui Dieng,2023,C,Key Pieces
117,14.5,43.8,29.7,63.0,63.0,25.0,0.5,2.1,2.6,1.3,0.3,0.2,0.5,1.0,4.0,0,0,0,1,0,8,Ousmane Dieng,2023,SF,Defensive Big Men
118,34.1,46.0,40.4,51.7,51.7,81.6,0.4,2.7,3.1,5.3,0.7,0.3,1.6,2.3,17.5,0,0,1,0,0,3,Spencer Dinwiddie,2023,PG,All Stars
119,25.0,40.9,39.2,44.4,44.4,81.1,1.0,3.6,4.6,3.3,1.3,0.1,1.4,1.9,8.3,0,0,0,0,1,6,Donte DiVincenzo,2023,SG,Key Pieces
120,36.8,50.1,35.5,58.1,58.1,73.0,0.9,8.0,8.9,8.3,1.5,0.5,3.6,2.8,33.4,0,0,1,0,0,3,Luka Dončić,2023,PG,Key Reserves
121,2.7,80.0,50.0,0.1,0.1,78.3,0.3,0.3,0.7,0.0,0.0,0.0,0.0,0.0,3.0,0,0,0,0,1,6,Tyler Dorsey,2023,SG,Key Pieces
122,30.3,40.6,35.7,44.7,44.7,75.8,1.4,2.8,4.2,2.3,1.0,0.3,1.4,3.3,14.1,0,0,0,0,1,0,Luguentz Dort,2023,SG,Defensive Big Men
123,27.5,50.3,31.2,60.7,60.7,76.4,0.7,2.4,3.1,2.6,0.7,0.4,1.4,2.6,9.3,0,0,0,0,1,7,Ayo Dosunmu,2023,SG,All Stars
124,8.8,10.0,25.0,0.0,0.0,78.6,1.0,0.7,1.7,1.3,0.8,0.0,0.5,1.5,0.5,0,0,1,0,0,2,Devon Dotson,2023,PG,Rising Stars
126,6.6,48.0,25.0,52.4,52.4,0.1,0.4,0.6,0.9,0.9,0.1,0.1,0.1,0.4,2.0,0,0,1,0,0,1,Jeff Dowtin,2023,PG,Role Players
127,2.5,66.7,50.0,0.1,0.1,78.3,0.0,0.5,0.5,0.0,0.8,0.0,0.0,0.0,1.3,0,0,0,0,1,6,PJ Dozier,2023,SG,All Stars
128,16.3,43.2,36.4,48.1,48.1,64.1,0.3,1.2,1.5,2.8,0.2,0.1,1.1,1.4,7.2,0,0,1,0,0,8,Goran Dragić,2023,PG,Offensive Big Men
129,13.0,61.0,0.0,61.8,61.8,53.2,2.2,4.4,6.6,0.6,0.6,0.3,1.0,1.9,6.1,1,0,0,0,0,1,Andre Drummond,2023,C,Role Players
130,19.4,36.1,30.0,43.0,43.0,84.7,0.3,2.1,2.4,1.6,0.5,0.3,0.9,1.5,8.1,0,0,0,1,0,6,Chris Duarte,2023,SF,Key Pieces
131,9.0,44.2,0.0,51.4,51.4,50.0,0.4,0.6,1.1,0.9,0.4,0.1,0.9,1.6,3.0,0,0,0,0,1,1,David Duke Jr.,2023,SG,Bench Warmers
132,36.0,55.9,37.6,62.2,62.2,93.4,0.4,6.4,6.7,5.3,0.8,1.5,3.5,2.4,29.7,0,1,0,0,0,3,Kevin Durant,2023,PF,Role Players
133,24.5,66.0,0.0,66.2,66.2,62.4,3.3,5.2,8.5,1.0,0.7,0.8,1.1,2.6,8.4,1,0,0,0,0,1,Jalen Duren,2023,C,Bench Warmers
134,19.4,44.6,36.0,47.8,47.8,77.8,2.2,3.4,5.6,1.0,1.1,0.6,1.1,2.1,8.4,0,1,0,0,0,0,Tari Eason,2023,PF,Defensive Big Men
135,36.5,46.5,37.7,52.1,52.1,76.6,0.7,5.4,6.1,4.5,1.7,0.6,3.4,2.5,24.9,0,0,0,0,1,3,Anthony Edwards,2023,SG,Offensive Big Men
136,5.7,27.3,18.2,36.4,36.4,50.0,0.5,0.6,1.1,0.2,0.2,0.1,0.3,0.2,1.2,0,0,0,1,0,2,Kessler Edwards,2023,SF,Key Pieces
137,2.2,50.0,50.0,50.3,50.3,78.3,0.0,0.4,0.4,0.2,0.0,0.0,0.0,0.4,0.6,0,0,0,0,1,4,Keon Ellis,2023,SG,Key Pieces
138,34.8,53.4,35.8,56.7,56.7,85.2,1.8,8.2,10.0,4.2,1.1,1.7,3.7,3.4,33.6,1,0,0,0,0,3,Joel Embiid,2023,C,Key Reserves
139,18.8,71.5,50.0,72.4,72.4,66.1,1.5,3.1,4.5,1.0,0.5,1.2,0.8,2.0,5.6,1,0,0,0,0,4,Drew Eubanks,2023,C,Defensive Big Men
140,11.5,53.4,0.0,54.2,54.2,64.7,1.4,2.2,3.6,1.0,0.2,0.8,0.6,2.2,3.8,1,0,0,0,0,1,Bruno Fernando,2023,C,6th Men
141,32.1,40.9,34.6,55.8,55.8,73.5,1.6,2.9,4.5,1.4,0.9,0.5,0.9,1.9,8.8,0,1,0,0,0,0,Dorian Finney-Smith,2023,PF,Rising Stars
142,14.1,36.6,37.8,35.1,35.1,76.5,0.4,1.2,1.6,1.4,0.3,0.1,0.5,1.4,5.1,0,0,1,0,0,6,Malachi Flynn,2023,PG,Role Players
143,8.1,38.0,36.8,40.9,40.9,64.3,0.4,0.7,1.1,0.3,0.1,0.2,0.5,0.8,3.5,0,0,0,1,0,6,Simone Fontecchio,2023,SF,All Stars
144,10.7,33.8,25.6,42.9,42.9,0.1,0.2,0.4,0.6,0.6,0.3,0.0,0.4,0.9,3.3,0,0,0,0,1,1,Bryn Forbes,2023,SG,Bench Warmers
145,13.8,48.9,0.0,51.1,51.1,66.7,0.3,1.4,1.8,1.9,0.4,0.1,0.6,1.0,3.0,0,0,1,0,0,1,Trent Forrest,2023,PG,Bench Warmers
147,1.0,46.5,34.4,55.3,55.3,74.85,0.0,0.0,0.0,0.0,0.0,0.0,0.0,0.0,0.0,0,1,0,0,0,4,Michael Foster Jr.,2023,PF,6th Men
148,18.5,34.8,31.0,42.2,42.2,84.2,0.2,1.9,2.1,1.5,0.6,0.2,1.0,1.8,6.8,0,0,0,0,1,6,Evan Fournier,2023,SG,6th Men
149,33.6,50.4,32.9,56.9,56.9,78.6,0.4,3.9,4.3,6.1,1.0,0.3,2.6,2.5,24.1,0,0,1,0,0,3,De'Aaron Fox,2023,PG,Rising Stars
150,28.0,49.0,34.2,51.1,51.1,71.0,1.0,2.7,3.8,5.7,1.5,0.4,2.3,2.0,12.1,0,0,1,0,0,7,Markelle Fultz,2023,PG,Role Players
151,15.7,61.9,33.3,66.9,66.9,63.6,1.6,2.4,4.0,0.5,0.4,0.6,0.7,2.2,6.5,0,1,0,0,0,4,Wenyen Gabriel,2023,PF,Defensive Big Men
152,17.7,74.2,29.7,74.2,74.2,62.7,2.0,3.1,5.1,0.8,0.4,1.3,0.9,2.3,8.3,1,0,0,0,0,4,Daniel Gafford,2023,C,Offensive Big Men
153,35.7,45.1,40.2,48.0,48.0,86.9,0.5,2.4,2.9,8.2,1.3,0.1,2.9,2.0,21.9,0,0,1,0,0,3,Darius Garland,2023,PG,Role Players
154,13.9,52.3,45.8,54.2,54.2,52.8,1.8,2.9,4.7,1.0,0.7,0.5,0.7,1.7,3.1,0,1,0,0,0,8,Usman Garuba,2023,PF,Defensive Big Men
155,7.9,49.2,31.8,58.5,58.5,81.5,0.9,0.9,1.8,0.4,0.1,0.1,0.4,1.5,5.4,1,0,0,0,0,8,Luka Garza,2023,C,All Stars
156,14.8,36.1,23.8,48.8,48.8,81.5,0.6,2.4,3.1,0.9,0.4,0.4,0.6,1.2,4.4,0,1,0,0,0,6,Rudy Gay,2023,PF,Offensive Big Men
157,33.9,46.4,38.9,52.2,52.2,88.5,0.7,5.3,6.0,5.3,1.5,0.4,3.3,2.6,23.5,0,0,0,1,0,3,Paul George,2023,SF,Bench Warmers
158,10.1,54.1,20.0,61.4,61.4,69.0,0.8,1.2,2.0,0.8,0.4,0.3,0.6,2.0,3.6,1,0,0,0,0,1,Taj Gibson,2023,C,Rising Stars
159,30.8,48.5,32.6,52.6,52.6,77.8,1.9,6.0,8.0,5.7,0.7,0.5,3.1,2.1,16.1,0,0,0,0,1,0,Josh Giddey,2023,SG,Rising Stars
160,35.6,51.0,36.8,53.2,53.2,90.8,0.8,3.9,4.8,5.7,1.7,1.1,3.0,2.6,30.9,0,0,1,0,0,3,Shai Gilgeous-Alexander,2023,PG,Role Players
161,9.8,59.7,11.8,74.5,74.5,83.3,0.5,0.9,1.4,0.5,0.1,0.1,0.1,1.3,3.0,0,1,0,0,0,1,Anthony Gill,2023,PF,Key Reserves
162,31.0,67.5,0.0,68.1,68.1,66.5,3.2,8.5,11.8,0.9,0.8,1.3,1.8,3.0,13.4,1,0,0,0,0,1,Rudy Gobert,2023,C,All Stars
163,18.8,45.8,40.6,48.2,48.2,75.0,0.9,2.5,3.4,2.7,1.1,0.5,0.9,1.8,6.7,0,0,1,0,0,0,Jordan Goodwin,2023,PG,Role Players
164,30.1,57.9,38.9,63.4,63.4,62.3,2.5,4.4,6.8,2.6,0.8,0.8,1.6,1.9,16.8,0,1,0,0,0,4,Aaron Gordon,2023,PF,Bench Warmers
165,29.9,42.6,33.6,52.4,52.4,82.3,0.3,1.8,2.1,2.7,0.6,0.3,1.7,0.9,12.5,0,0,0,0,1,5,Eric Gordon,2023,SG,Bench Warmers
166,15.4,36.7,34.8,45.0,45.0,74.6,0.2,1.2,1.4,2.2,0.6,0.2,0.5,0.9,5.3,0,0,1,0,0,6,Devonte' Graham,2023,PG,6th Men
168,35.8,48.8,42.2,52.8,52.8,79.7,0.9,3.4,4.3,2.4,0.9,0.8,1.8,2.4,21.3,0,1,0,0,0,3,Jerami Grant,2023,PF,Rising Stars
169,9.1,44.0,40.0,64.3,64.3,0.1,0.2,0.9,1.1,0.5,0.2,0.0,0.3,1.0,4.4,0,0,0,0,1,1,A.J. Green,2023,SG,6th Men
170,31.6,51.5,32.5,59.9,59.9,71.4,0.8,6.5,7.4,6.9,0.9,0.8,2.5,3.0,7.9,0,1,0,0,0,7,Draymond Green,2023,PF,All Stars
171,34.6,41.1,33.1,47.1,47.1,78.0,0.6,3.6,4.1,3.7,0.7,0.2,2.9,1.7,21.7,0,0,0,0,1,3,Jalen Green,2023,SG,All Stars
172,14.8,51.0,29.8,65.1,65.1,77.8,1.5,2.6,4.1,0.7,0.5,0.3,1.2,2.0,6.2,0,1,0,0,0,4,JaMychal Green,2023,PF,Role Players
173,16.0,58.7,38.2,68.6,68.6,67.4,0.9,2.0,2.9,0.8,0.8,0.7,0.7,1.7,5.9,0,0,0,0,1,4,Javonte Green,2023,SG,Defensive Big Men
174,19.5,51.6,27.9,60.3,60.3,68.3,0.8,1.9,2.7,1.2,0.4,0.2,1.0,1.9,7.6,0,1,0,0,0,8,Jeff Green,2023,PF,Rising Stars
175,22.3,55.6,43.2,67.1,67.1,72.6,0.9,1.5,2.4,1.4,0.9,0.1,0.9,2.5,7.7,0,0,0,0,1,4,Josh Green,2023,SG,Defensive Big Men
176,20.9,48.6,40.8,57.1,57.1,91.7,0.5,1.7,2.1,1.0,0.8,0.1,0.6,1.2,9.7,0,0,0,1,0,5,AJ Griffin,2023,SF,Role Players
177,13.4,49.2,33.3,61.8,61.8,71.4,0.8,2.5,3.3,1.1,0.3,0.2,0.3,1.8,4.2,1,0,0,0,0,8,Blake Griffin,2023,C,Rising Stars
178,29.9,44.3,35.8,61.1,61.1,81.0,0.9,2.6,3.5,2.0,0.7,0.4,1.1,2.6,10.3,0,0,0,0,1,7,Quentin Grimes,2023,SG,Bench Warmers
179,24.3,48.6,32.7,54.7,54.7,71.4,0.7,3.6,4.3,1.2,0.4,0.4,1.1,1.2,12.8,0,1,0,0,0,7,Rui Hachimura,2023,PF,All Stars
182,33.4,48.0,39.9,55.8,55.8,88.0,0.7,3.3,4.0,10.2,1.8,0.4,2.6,1.1,20.2,0,0,1,0,0,3,Tyrese Haliburton,2023,PG,Rising Stars
183,9.2,32.1,20.0,46.2,46.2,77.8,0.3,1.0,1.3,1.2,0.1,0.0,0.8,0.7,3.1,0,0,0,1,0,8,Jordan Hall,2023,SF,Role Players
184,13.9,43.9,34.0,52.5,52.5,83.8,0.3,1.2,1.5,1.3,0.6,0.2,0.8,0.8,5.7,0,0,1,0,0,6,R.J. Hampton,2023,PG,All Stars
185,29.9,38.2,35.1,43.8,43.8,75.9,0.4,3.1,3.5,1.6,0.8,0.1,0.9,1.7,13.6,0,0,0,0,1,0,Tim Hardaway Jr.,2023,SG,Offensive Big Men
186,36.7,44.7,38.6,50.8,50.8,86.5,0.5,5.8,6.3,11.0,1.2,0.5,3.5,2.2,21.3,0,0,1,0,0,3,James Harden,2023,PG,Key Pieces
187,10.0,40.2,27.3,48.5,48.5,83.3,0.0,1.2,1.2,0.6,0.2,0.1,0.6,1.3,5.5,0,0,0,0,1,6,Jaden Hardy,2023,SG,6th Men
188,3.0,60.0,66.7,50.0,50.0,77.2,0.3,0.3,0.7,0.0,0.0,0.0,0.0,0.0,2.7,0,0,0,1,0,4,Ron Harper Jr.,2023,SF,Defensive Big Men
189,13.0,60.3,0.0,61.0,61.0,69.4,1.2,1.5,2.8,0.6,0.3,0.5,0.7,1.5,6.0,1,0,0,0,0,1,Montrezl Harrell,2023,C,Offensive Big Men
191,23.9,50.7,46.6,56.7,56.7,85.7,0.5,1.5,2.0,1.2,0.8,0.2,0.8,2.1,9.1,0,0,0,0,1,7,Gary Harris,2023,SG,6th Men
192,24.6,45.2,39.9,57.1,57.1,66.7,0.4,2.4,2.7,1.6,0.6,0.3,0.7,2.6,8.4,0,0,0,0,1,8,Joe Harris,2023,SG,Defensive Big Men
193,12.6,42.1,39.3,43.8,43.8,81.5,0.8,1.2,2.0,0.5,0.5,0.1,0.6,1.3,3.7,0,0,0,0,1,6,Kevon Harris,2023,SG,Role Players
194,33.8,50.3,37.9,57.9,57.9,86.1,1.0,5.2,6.2,2.6,1.0,0.5,1.4,2.2,16.3,0,1,0,0,0,3,Tobias Harris,2023,PF,Role Players
195,33.5,50.5,32.3,58.1,58.1,72.7,1.9,6.3,8.2,4.1,1.1,0.2,1.6,2.7,9.3,0,0,0,1,0,7,Josh Hart,2023,SF,6th Men
196,18.5,49.8,24.2,54.4,54.4,76.7,2.6,3.4,6.1,0.8,0.6,0.8,0.8,2.3,5.0,1,0,0,0,0,7,Isaiah Hartenstein,2023,C,Bench Warmers
197,7.2,10.0,0.0,11.1,11.1,50.0,0.6,0.6,1.2,0.0,0.2,0.2,0.0,1.4,0.6,1,0,0,0,0,2,Udonis Haslem,2023,C,6th Men
198,14.6,43.4,39.1,65.7,65.7,66.7,0.4,2.0,2.4,0.7,0.3,0.2,0.3,1.1,5.6,0,1,0,0,0,8,Sam Hauser,2023,PF,Rising Stars
199,14.1,53.5,13.0,65.4,65.4,67.2,0.9,2.1,3.0,0.8,0.3,0.4,0.6,1.5,5.2,1,0,0,0,0,1,Jaxson Hayes,2023,C,Role Players
200,26.6,38.5,31.9,42.4,42.4,78.7,0.4,2.4,2.8,5.8,1.3,0.3,2.0,2.9,9.9,0,0,1,0,0,6,Killian Hayes,2023,PG,Rising Stars
201,31.4,44.8,31.0,50.8,50.8,79.2,0.8,3.7,4.5,3.7,0.8,0.3,2.0,1.2,13.8,0,0,0,1,0,0,Gordon Hayward,2023,SF,Bench Warmers
202,15.4,43.2,26.6,66.0,66.0,56.3,0.7,2.4,3.1,0.6,0.4,0.2,0.4,1.1,3.1,0,1,0,0,0,8,Juancho Hernangómez,2023,PF,All Stars
203,12.7,52.6,14.3,55.1,55.1,76.4,1.8,2.9,4.7,0.9,0.4,0.4,1.1,1.7,7.0,1,0,0,0,0,8,Willy Hernangómez,2023,C,Defensive Big Men
204,34.7,43.8,37.0,50.3,50.3,91.8,0.5,5.3,5.8,4.4,0.9,0.3,2.4,1.7,20.3,0,0,0,0,1,3,Tyler Herro,2023,SG,Bench Warmers
205,32.1,45.0,42.5,49.6,49.6,86.4,0.8,4.1,4.9,2.8,1.1,0.3,1.9,2.0,17.4,0,0,0,1,0,3,Buddy Hield,2023,SF,Rising Stars
206,19.0,41.5,36.3,46.8,46.8,38.9,1.1,2.7,3.8,0.7,0.8,0.3,0.8,1.5,4.7,0,0,0,1,0,8,Haywood Highsmith,2023,SF,Key Pieces
207,19.6,44.7,31.1,62.1,62.1,73.9,0.4,1.6,2.0,2.6,0.6,0.1,0.8,1.2,5.1,0,0,1,0,0,7,George Hill,2023,PG,All Stars
208,0.5,44.8,34.55,50.8,50.8,77.2,0.0,0.3,0.3,0.0,0.0,0.0,0.0,0.0,0.0,0,0,0,1,0,4,Malcolm Hill,2023,SF,Role Players
209,15.2,42.4,42.9,42.1,42.1,85.7,0.4,0.9,1.3,1.4,0.6,0.2,0.6,1.5,4.4,0,0,1,0,0,6,Aaron Holiday,2023,PG,Rising Stars
210,32.7,46.7,37.1,52.8,52.8,85.8,1.3,3.8,5.1,7.3,1.3,0.4,3.3,1.9,19.5,0,0,1,0,0,3,Jrue Holiday,2023,PG,6th Men
212,15.0,37.7,34.1,45.9,45.9,78.3,0.1,0.8,0.9,0.9,0.2,0.4,0.4,1.3,4.5,0,0,0,0,1,6,Justin Holiday,2023,SG,Rising Stars
213,9.1,69.2,75.0,68.9,68.9,85.7,0.7,1.4,2.2,0.2,0.1,0.3,0.4,1.3,3.3,1,0,0,0,0,4,Richaun Holmes,2023,C,Role Players
214,30.9,47.3,42.2,56.5,56.5,71.4,1.2,4.9,6.1,2.7,0.6,1.0,0.6,1.9,9.4,1,0,0,0,0,7,Al Horford,2023,C,Role Players
215,15.4,40.3,25.5,50.3,50.3,73.3,0.4,1.9,2.3,2.4,0.7,0.3,1.2,1.4,6.9,0,0,0,0,1,8,Talen Horton-Tucker,2023,SG,Key Reserves
216,15.6,47.4,34.8,66.0,66.0,75.0,0.2,1.6,1.9,0.7,0.2,0.2,0.5,1.2,4.7,0,0,0,1,0,4,Danuel House Jr.,2023,SF,Defensive Big Men
217,16.5,38.1,36.4,42.9,42.9,84.6,0.7,1.6,2.3,0.6,0.2,0.1,0.3,1.4,4.0,0,0,0,1,0,6,Caleb Houstan,2023,SF,Defensive Big Men
218,4.0,0.1,0.1,49.3,49.3,78.6,0.0,0.0,0.0,0.0,0.0,0.0,0.0,0.0,3.0,0,0,1,0,0,2,Trevor Hudgins,2023,PG,All Stars
219,30.9,47.8,40.8,58.1,58.1,71.1,0.6,2.8,3.4,3.0,1.1,0.3,1.5,2.5,15.3,0,0,0,0,1,7,Kevin Huerter,2023,SG,Key Pieces
220,32.1,45.2,36.3,50.3,50.3,83.8,0.6,3.7,4.3,1.3,0.5,0.2,1.3,3.1,15.6,0,0,0,1,0,3,De'Andre Hunter,2023,SF,Rising Stars
221,19.9,40.0,37.9,42.7,42.7,86.3,0.2,1.9,2.1,3.0,0.7,0.3,1.6,1.6,12.3,0,0,1,0,0,6,Bones Hyland,2023,PG,Role Players
222,11.6,48.1,33.3,55.6,55.6,61.5,0.9,1.8,2.8,0.3,0.1,0.4,0.7,1.4,4.1,1,0,0,0,0,8,Serge Ibaka,2023,C,Rising Stars
223,14.0,75.0,50.0,0.1,0.1,77.2,0.3,2.0,2.3,1.7,0.3,0.3,1.7,1.7,2.3,0,0,0,1,0,6,Andre Iguodala,2023,SF,All Stars
224,22.1,41.6,38.3,55.0,55.0,88.9,0.4,1.9,2.3,3.6,0.6,0.2,1.4,1.6,6.8,0,0,0,1,0,5,Joe Ingles,2023,SF,All Stars
225,31.5,44.6,40.8,46.0,46.0,88.4,0.5,4.6,5.1,4.6,0.9,0.6,3.1,2.2,20.4,0,0,0,1,0,3,Brandon Ingram,2023,SF,Offensive Big Men
226,37.1,48.6,37.8,56.5,56.5,88.2,1.0,4.2,5.1,5.3,1.1,0.8,2.3,2.7,27.3,0,0,1,0,0,3,Kyrie Irving,2023,PG,6th Men
227,9.0,45.0,44.4,45.5,45.5,0.0,0.8,2.0,2.8,0.8,1.5,0.0,0.0,0.5,5.5,0,1,0,0,0,1,Jonathan Isaac,2023,PF,Defensive Big Men
228,30.0,41.5,31.8,46.4,46.4,72.5,1.0,3.1,4.1,4.5,0.9,0.3,2.9,3.1,15.1,0,0,0,0,1,0,Jaden Ivey,2023,SG,Role Players
229,15.6,55.6,11.1,57.9,57.9,68.2,1.4,2.5,3.9,0.9,0.4,1.5,0.9,2.3,6.9,1,0,0,0,0,8,Isaiah Jackson,2023,C,Key Pieces
230,26.8,49.6,37.1,56.7,56.7,78.1,1.9,4.8,6.7,0.9,1.0,3.2,1.6,3.3,16.5,1,0,0,0,0,7,Jaren Jackson Jr.,2023,C,6th Men
231,4.7,24.0,26.3,16.7,16.7,50.0,0.1,0.6,0.7,0.4,0.2,0.2,0.1,0.3,0.9,0,0,0,1,0,2,Justin Jackson,2023,SF,All Stars
233,26.1,42.4,35.6,47.4,47.4,92.4,0.4,1.8,2.2,3.6,0.7,0.1,1.9,1.8,11.3,0,0,1,0,0,5,Reggie Jackson,2023,PG,All Stars
234,36.3,50.7,31.2,59.3,59.3,77.0,1.2,7.3,8.5,7.1,1.0,0.6,3.1,1.6,30.2,0,1,0,0,0,3,LeBron James,2023,PF,Bench Warmers
235,17.6,50.3,41.7,55.9,55.9,96.3,0.1,1.4,1.6,2.6,0.4,0.1,0.7,1.5,7.1,0,0,0,0,1,5,Ty Jerome,2023,SG,Offensive Big Men
236,15.0,46.7,44.3,56.8,56.8,81.8,0.4,1.8,2.2,1.0,0.6,0.1,0.4,1.5,7.9,0,0,0,0,1,7,Isaiah Joe,2023,SG,6th Men
237,7.5,50.0,0.0,75.0,75.0,50.0,0.5,2.0,2.5,0.3,0.3,0.0,1.0,0.8,1.8,0,1,0,0,0,1,Alize Johnson,2023,PF,Rising Stars
238,25.9,45.9,44.3,48.3,48.3,79.3,0.9,3.2,4.1,1.6,0.9,0.4,0.4,1.9,14.0,0,1,0,0,0,0,Cameron Johnson,2023,PF,Offensive Big Men
239,14.5,47.4,28.2,58.5,58.5,69.1,0.7,3.0,3.6,0.9,0.5,0.4,0.5,1.5,5.1,0,0,0,1,0,8,Jalen Johnson,2023,SF,All Stars
240,8.2,37.0,30.0,41.2,41.2,75.0,0.2,1.2,1.3,0.6,0.3,0.4,0.4,2.0,2.2,0,1,0,0,0,2,James Johnson,2023,PF,Rising Stars
241,32.5,43.8,34.0,50.2,50.2,77.2,0.9,3.9,4.8,2.6,0.7,0.2,2.0,1.9,21.9,0,0,0,1,0,3,Keldon Johnson,2023,SF,Rising Stars
242,10.5,36.6,35.2,37.9,37.9,52.9,0.3,1.1,1.4,1.0,0.5,0.2,1.1,1.1,4.4,0,0,0,0,1,2,Keon Johnson,2023,SG,Key Pieces
243,14.5,53.1,44.4,58.3,58.3,62.5,0.7,2.3,3.0,2.4,0.4,0.3,1.1,1.6,5.8,0,0,0,1,0,8,Stanley Johnson,2023,SF,Bench Warmers
244,33.5,62.9,39.0,67.3,67.3,82.2,2.0,8.9,10.9,9.9,1.4,0.6,3.5,2.8,25.1,1,0,0,0,0,7,Nikola Jokić,2023,C,Key Pieces
245,1.0,0.1,33.3,0.1,0.1,78.6,0.0,0.0,0.0,0.0,0.0,0.0,0.0,0.0,2.0,0,0,1,0,0,2,Carlik Jones,2023,PG,Rising Stars
246,8.0,54.1,0.0,58.8,58.8,75.0,0.8,1.7,2.5,0.2,0.1,0.5,0.4,0.8,2.5,1,0,0,0,0,1,Damian Jones,2023,C,Bench Warmers
247,15.5,53.6,34.8,61.7,61.7,78.6,1.0,1.7,2.7,0.7,0.4,0.7,0.5,1.7,5.9,0,0,0,1,0,4,Derrick Jones Jr.,2023,SF,Key Reserves
248,27.7,43.2,28.7,50.8,50.8,75.2,1.4,2.4,3.8,2.1,1.5,0.7,1.2,3.3,9.7,0,0,0,1,0,0,Herbert Jones,2023,SF,All Stars
249,8.8,52.5,27.3,58.3,58.3,66.7,0.7,1.2,1.9,0.2,0.2,0.4,0.3,1.1,2.7,1,0,0,0,0,8,Kai Jones,2023,C,Bench Warmers
250,29.8,43.7,26.7,48.7,48.7,88.9,0.8,2.8,3.6,6.4,1.3,0.2,1.8,1.5,13.1,0,0,1,0,0,5,Tre Jones,2023,PG,Bench Warmers
251,23.6,43.9,38.8,48.2,48.2,80.0,0.4,1.9,2.3,4.7,1.1,0.0,0.9,0.4,10.6,0,0,1,0,0,0,Tyus Jones,2023,PG,Bench Warmers
252,14.4,77.0,0.1,76.7,76.7,44.7,1.2,3.7,4.9,0.9,0.2,0.6,1.2,1.8,4.8,1,0,0,0,0,1,DeAndre Jordan,2023,C,Defensive Big Men
254,15.7,38.7,30.9,44.8,44.8,76.5,0.3,1.1,1.3,3.3,0.4,0.1,0.7,1.4,4.6,0,0,1,0,0,6,Cory Joseph,2023,PG,Defensive Big Men
255,13.6,40.6,22.9,58.8,58.8,94.7,0.6,1.5,2.1,0.7,0.5,0.1,0.7,1.3,5.5,0,1,0,0,0,5,Nikola Jović,2023,PF,Bench Warmers
256,7.0,50.0,0.0,0.1,0.1,74.85,1.5,1.0,2.5,0.0,0.0,0.0,0.5,1.5,1.0,0,1,0,0,0,2,Mfiondu Kabengele,2023,PF,6th Men
257,7.0,57.1,47.8,68.4,68.4,83.3,0.1,1.4,1.5,0.8,0.2,0.0,0.3,0.8,2.9,1,0,0,0,0,4,Frank Kaminsky,2023,C,6th Men
258,1.0,0.0,0.0,50.3,50.3,78.3,0.0,1.0,1.0,0.0,0.0,0.0,0.0,0.0,0.0,0,0,0,0,1,2,Trevor Keels,2023,SG,Role Players
259,21.5,49.0,47.2,52.0,52.0,95.0,0.2,2.3,2.5,1.1,0.6,0.1,0.9,1.4,8.5,0,0,0,0,1,5,Luke Kennard,2023,SG,Bench Warmers
260,20.2,71.5,29.7,71.5,71.5,53.7,2.8,4.5,7.3,0.8,0.3,2.0,0.8,2.3,7.7,1,0,0,0,0,4,Walker Kessler,2023,C,Bench Warmers
261,3.0,0.1,34.55,0.1,0.1,0.1,0.0,0.3,0.3,0.0,0.0,0.0,0.0,0.0,1.3,0,0,0,1,0,1,Braxton Key,2023,SF,6th Men
262,27.5,47.6,42.0,57.7,57.7,85.5,0.5,2.4,2.8,1.4,0.6,0.1,0.8,1.4,9.6,0,0,0,1,0,7,Corey Kispert,2023,SF,Rising Stars
263,25.6,49.0,36.9,69.2,69.2,78.6,0.9,2.7,3.5,1.0,0.3,1.0,0.6,2.2,6.2,1,0,0,0,0,4,Maxi Kleber,2023,C,Role Players
264,7.5,60.7,41.2,68.2,68.2,69.2,0.6,0.9,1.5,0.3,0.3,0.1,0.5,1.1,3.9,0,1,0,0,0,4,Nathan Knight,2023,PF,6th Men
265,14.6,47.7,38.1,65.1,65.1,78.8,0.5,2.2,2.6,0.4,0.3,0.3,0.8,1.8,5.9,0,1,0,0,0,4,Kevin Knox,2023,PF,Offensive Big Men
266,15.0,49.6,11.1,52.7,52.7,66.0,1.6,1.6,3.2,0.5,0.2,1.1,0.4,2.5,3.7,1,0,0,0,0,8,Christian Koloko,2023,C,Offensive Big Men
267,23.2,43.6,36.4,52.4,52.4,87.0,1.0,4.0,4.9,1.5,1.1,0.3,0.6,1.5,6.3,0,0,0,0,1,5,John Konchar,2023,SG,All Stars
268,10.5,41.0,34.3,46.5,46.5,65.5,0.3,1.0,1.2,0.8,0.3,0.1,0.6,0.4,4.0,0,0,0,0,1,8,Furkan Korkmaz,2023,SG,Role Players
269,11.7,68.0,33.3,71.3,71.3,83.3,1.3,1.7,3.0,0.7,0.2,0.8,0.4,1.3,3.7,1,0,0,0,0,4,Luke Kornet,2023,C,Defensive Big Men
270,6.0,38.5,29.4,55.6,55.6,50.0,0.1,0.5,0.6,0.6,0.1,0.1,0.2,0.6,1.4,0,0,1,0,0,8,Vit Krejci,2023,PG,Key Reserves
271,19.1,49.4,31.1,57.5,57.5,65.8,1.0,2.1,3.1,1.8,0.4,0.4,1.4,2.4,8.2,0,1,0,0,0,8,Jonathan Kuminga,2023,PF,Role Players
272,35.4,45.7,33.7,54.5,54.5,70.7,1.0,6.7,7.6,3.9,0.5,0.5,3.0,2.4,21.8,0,1,0,0,0,3,Kyle Kuzma,2023,PF,6th Men
273,19.6,50.7,40.4,70.3,70.3,75.0,0.8,2.5,3.3,1.7,0.5,0.3,1.0,2.3,7.4,0,0,0,1,0,4,Anthony Lamb,2023,SF,Offensive Big Men
275,14.5,52.1,26.6,63.3,63.3,83.8,1.7,2.3,3.9,0.9,0.3,0.5,1.0,1.9,6.8,1,0,0,0,0,4,Jock Landale,2023,C,Bench Warmers
276,20.2,49.0,28.3,55.1,55.1,64.9,1.4,1.4,2.9,1.3,0.5,0.3,0.7,1.7,7.4,0,0,0,0,1,8,Romeo Langford,2023,SG,All Stars
277,13.3,40.5,35.0,54.2,54.2,77.8,0.6,1.5,2.1,0.8,0.4,0.1,0.6,1.5,3.4,0,1,0,0,0,6,Jake LaRavia,2023,PF,All Stars
278,35.7,46.1,37.4,52.6,52.6,84.1,0.6,4.0,4.6,4.1,1.0,0.2,2.4,2.2,23.8,0,0,0,0,1,3,Zach LaVine,2023,SG,Rising Stars
279,2.7,50.0,42.9,60.0,60.0,33.3,0.0,0.4,0.4,0.1,0.0,0.0,0.0,0.3,1.6,0,0,0,0,1,8,A.J. Lawson,2023,SG,Rising Stars
282,22.3,45.7,47.2,43.8,43.8,90.2,0.5,2.8,3.3,1.5,0.4,0.1,1.1,1.6,9.1,0,0,0,0,1,5,Damion Lee,2023,SG,Defensive Big Men
283,15.3,47.9,46.2,48.6,48.6,77.4,0.6,1.3,1.8,2.9,0.3,0.1,1.2,1.1,6.3,0,0,1,0,0,0,Saben Lee,2023,PG,Bench Warmers
286,3.6,50.0,0.0,55.6,55.6,75.0,0.3,0.9,1.3,0.3,0.0,0.0,0.3,0.7,1.1,1,0,0,0,0,1,Alex Len,2023,C,Role Players
287,31.3,51.4,35.3,57.7,57.7,85.2,1.2,5.0,6.2,3.9,1.2,0.4,1.6,1.4,21.3,0,0,0,1,0,3,Kawhi Leonard,2023,SF,Offensive Big Men
288,30.9,41.1,37.6,43.5,43.5,70.6,0.7,3.1,3.9,3.8,0.8,0.2,1.6,2.3,12.4,0,0,0,0,1,0,Caris LeVert,2023,SG,Offensive Big Men
289,10.6,55.2,37.5,61.9,61.9,0.1,0.1,1.6,1.7,0.7,0.1,0.1,0.6,1.0,6.1,0,0,1,0,0,1,Kira Lewis Jr.,2023,PG,6th Men
290,35.9,46.3,37.1,57.7,57.7,90.6,0.6,3.4,3.9,7.3,0.9,0.3,3.1,2.0,30.4,0,0,1,0,0,3,Damian Lillard,2023,PG,Bench Warmers
291,16.3,49.3,45.6,52.9,52.9,61.5,0.4,1.9,2.2,0.9,0.3,0.3,0.5,0.9,6.2,0,0,0,1,0,8,Nassir Little,2023,SF,Key Reserves
292,21.0,39.9,36.4,51.5,51.5,77.8,0.6,1.8,2.4,0.7,0.4,0.6,0.5,2.0,5.8,0,1,0,0,0,0,Isaiah Livers,2023,PF,Rising Stars
293,4.1,41.2,0.0,50.0,50.0,60.0,0.1,0.4,0.6,0.6,0.0,0.0,0.3,0.6,2.4,0,1,0,0,0,1,Kenneth Lofton Jr.,2023,PF,Rising Stars
294,23.3,64.1,29.7,64.1,64.1,61.5,3.0,5.6,8.6,2.7,0.5,0.5,0.5,2.8,6.8,1,0,0,0,0,4,Kevon Looney,2023,C,Rising Stars
295,30.4,50.1,38.1,60.2,60.2,78.7,1.9,4.3,6.2,1.2,0.5,2.5,1.4,2.4,14.5,1,0,0,0,0,7,Brook Lopez,2023,C,Role Players
296,8.7,64.7,0.1,64.0,64.0,71.4,0.7,0.8,1.5,0.5,0.0,0.2,0.7,1.3,3.0,1,0,0,0,0,1,Robin Lopez,2023,C,Defensive Big Men
297,20.0,38.9,35.4,46.7,46.7,88.9,1.0,5.8,6.8,1.9,0.2,0.2,1.1,1.6,8.5,0,1,0,0,0,5,Kevin Love,2023,PF,Role Players
298,33.7,40.0,33.5,51.0,51.0,85.5,0.9,3.6,4.4,5.4,1.1,0.4,2.0,2.8,12.4,0,0,1,0,0,5,Kyle Lowry,2023,PG,Rising Stars
300,15.7,46.5,36.6,60.9,60.9,79.1,0.9,2.8,3.7,0.8,0.4,0.5,0.8,1.2,7.3,0,1,0,0,0,4,Trey Lyles,2023,PF,Rising Stars
301,16.1,41.4,33.3,46.8,46.8,87.5,0.3,2.1,2.4,2.4,0.8,0.2,1.0,1.0,5.6,0,0,1,0,0,5,Théo Maledon,2023,PG,Offensive Big Men
302,8.6,34.8,24.0,47.6,47.6,58.3,0.6,1.6,2.2,0.7,0.1,0.2,0.3,0.7,2.3,1,0,0,0,0,8,Sandro Mamukelashvili,2023,C,6th Men
303,22.8,50.7,36.1,59.0,59.0,75.0,1.0,2.7,3.7,2.1,0.5,0.3,1.0,1.7,8.5,0,0,0,0,1,4,Terance Mann,2023,SG,Rising Stars
304,18.6,38.9,30.3,48.5,48.5,69.0,0.4,1.9,2.3,1.6,0.7,0.2,1.0,1.6,7.7,0,0,1,0,0,8,Tre Mann,2023,PG,Key Pieces
305,4.1,68.0,0.0,70.8,70.8,78.6,0.5,1.1,1.6,0.3,0.1,0.1,0.3,0.1,2.8,1,0,0,0,0,1,Boban Marjanović,2023,C,Key Reserves
306,34.3,52.0,43.2,59.0,59.0,87.0,1.7,6.9,8.6,1.8,0.6,0.6,1.8,2.0,24.9,0,0,0,1,0,3,Lauri Markkanen,2023,SF,Offensive Big Men
307,25.2,42.6,31.6,49.8,49.8,79.0,0.8,3.0,3.8,2.6,0.8,0.2,1.3,1.5,10.3,0,0,0,1,0,0,Naji Marshall,2023,SF,Defensive Big Men
308,30.6,45.4,37.0,51.8,51.8,78.9,1.3,3.4,4.8,1.7,1.0,0.4,1.1,2.1,9.9,0,1,0,0,0,0,Caleb Martin,2023,PF,Rising Stars
309,19.1,38.9,21.4,50.0,50.0,57.1,1.1,2.3,3.4,1.6,0.6,0.1,0.3,1.9,5.0,0,0,0,1,0,8,Cody Martin,2023,SF,Rising Stars
310,25.3,55.6,32.8,67.3,67.3,61.1,1.4,4.0,5.4,1.4,0.4,0.3,1.1,1.8,11.2,0,0,0,1,0,4,Kenyon Martin Jr.,2023,SF,Offensive Big Men
311,3.7,37.5,20.0,45.5,45.5,0.1,0.2,0.3,0.5,0.0,0.1,0.0,0.1,0.2,1.3,0,0,0,0,1,1,Tyrese Martin,2023,SG,Key Reserves
312,13.4,35.5,34.4,46.7,46.7,91.1,0.2,1.1,1.3,0.5,0.5,0.1,0.4,1.3,4.9,0,0,0,0,1,5,Garrison Mathews,2023,SG,Defensive Big Men
313,28.6,42.6,32.3,48.1,48.1,82.3,1.1,3.1,4.2,1.4,0.6,0.1,1.8,2.1,17.9,0,0,0,1,0,5,Bennedict Mathurin,2023,SF,Role Players
314,14.7,35.2,34.2,38.9,38.9,90.0,0.7,1.2,1.9,0.6,0.5,0.2,0.4,1.4,3.2,0,0,0,0,1,6,Wesley Matthews,2023,SG,All Stars
315,33.7,45.7,39.2,49.8,49.8,79.8,0.3,2.6,2.9,3.9,0.8,0.1,1.6,2.1,20.6,0,0,0,0,1,3,Tyrese Maxey,2023,SG,Bench Warmers
316,13.2,32.6,25.6,45.1,45.1,66.7,0.3,0.6,0.8,1.2,0.6,0.0,0.5,1.0,3.4,0,0,1,0,0,8,Miles McBride,2023,PG,Key Reserves
317,35.2,43.1,38.8,46.1,46.1,78.3,0.8,3.7,4.5,5.8,1.0,0.6,2.7,1.8,21.3,0,0,0,0,1,3,CJ McCollum,2023,SG,Rising Stars
318,19.7,52.5,43.3,53.5,53.5,90.2,0.6,2.2,2.9,5.1,1.1,0.1,1.8,1.2,7.5,0,0,1,0,0,5,T.J. McConnell,2023,PG,6th Men
319,30.9,51.8,38.0,60.1,60.1,73.8,1.3,2.5,3.8,2.0,1.0,1.0,1.5,3.5,11.5,0,1,0,0,0,7,Jaden McDaniels,2023,PF,Defensive Big Men
321,27.0,45.4,32.6,54.1,54.1,84.4,0.8,4.1,4.9,2.0,1.1,0.5,1.5,2.9,10.8,0,0,0,1,0,5,Jalen McDaniels,2023,SF,Offensive Big Men
322,20.4,46.7,41.5,53.1,53.1,74.5,0.3,2.0,2.3,1.4,0.2,0.1,1.0,1.7,10.1,0,0,0,1,0,0,Doug McDermott,2023,SF,Key Reserves
323,7.9,63.1,25.0,65.0,65.0,53.8,0.6,1.8,2.4,0.3,0.1,0.5,0.9,1.2,4.0,1,0,0,0,0,8,JaVale McGee,2023,C,Offensive Big Men
324,13.8,36.5,34.6,37.5,37.5,85.0,0.4,1.3,1.6,1.0,0.2,0.2,0.4,0.8,3.6,0,0,0,0,1,6,Bryce McGowens,2023,SG,All Stars
325,10.7,37.5,37.5,37.5,37.5,72.7,0.5,0.9,1.4,0.7,0.3,0.0,0.4,0.8,3.3,0,0,0,0,1,6,Rodney McGruder,2023,SG,Role Players
326,15.9,42.4,23.5,62.5,62.5,0.1,0.4,1.3,1.7,3.6,0.8,0.1,0.8,0.4,4.1,0,0,1,0,0,1,Jordan McLaughlin,2023,PG,Role Players
327,29.1,42.5,39.6,47.1,47.1,77.8,1.0,3.5,4.5,2.8,1.9,0.6,1.5,2.4,11.1,0,0,1,0,0,0,De'Anthony Melton,2023,PG,Offensive Big Men
328,10.8,58.3,20.8,67.0,67.0,80.6,0.8,2.3,3.1,0.7,0.3,0.2,0.6,1.3,4.9,1,0,0,0,0,1,Chimezie Metu,2023,C,Rising Stars
329,21.2,36.8,28.6,44.8,44.8,91.7,0.3,2.4,2.6,4.2,0.7,0.2,2.0,2.2,11.1,0,0,0,1,0,6,Khris Middleton,2023,SF,Key Pieces
330,12.7,46.0,40.4,58.1,58.1,90.0,0.2,0.7,0.9,1.4,0.4,0.0,0.6,0.6,6.1,0,0,1,0,0,6,Patty Mills,2023,PG,Bench Warmers
331,22.8,50.0,38.5,54.4,54.4,84.0,0.6,2.4,2.9,3.3,0.3,0.2,1.4,1.7,9.9,0,0,0,0,1,0,Shake Milton,2023,SG,Rising Stars
332,2.3,60.0,0.0,75.0,75.0,0.1,0.3,0.4,0.7,0.3,0.1,0.3,0.0,0.3,1.4,0,0,0,1,0,1,Josh Minott,2023,SF,Rising Stars
333,18.2,46.2,33.9,56.3,56.3,75.0,0.2,1.3,1.5,2.1,0.5,0.2,0.9,1.5,5.9,0,0,1,0,0,7,Davion Mitchell,2023,PG,Bench Warmers
334,35.8,48.2,39.6,55.7,55.7,86.9,0.9,3.0,3.9,4.8,1.5,0.4,2.8,2.5,27.9,0,0,0,0,1,3,Donovan Mitchell,2023,SG,Rising Stars
335,34.1,55.4,20.7,59.4,59.4,69.6,2.4,6.5,8.9,2.7,0.7,1.3,2.1,2.8,15.2,0,1,0,0,0,7,Evan Mobley,2023,PF,Key Pieces
336,3.3,50.0,50.0,50.0,50.0,74.85,0.1,1.3,1.4,0.0,0.1,0.0,0.0,0.3,1.1,0,1,0,0,0,4,Isaiah Mobley,2023,PF,Bench Warmers
337,4.0,50.0,34.55,50.0,50.0,0.0,1.0,0.0,1.0,0.5,0.0,0.0,1.0,1.0,1.0,0,0,0,1,0,1,Chima Moneke,2023,SF,Key Pieces
338,22.3,43.6,31.9,55.0,55.0,89.9,0.5,2.0,2.5,3.9,0.6,0.2,1.9,1.6,13.1,0,0,0,0,1,5,Malik Monk,2023,SG,Offensive Big Men
339,14.8,45.2,36.7,59.6,59.6,70.3,0.4,1.3,1.7,0.9,0.3,0.1,0.7,0.9,5.2,0,0,0,0,1,8,Moses Moody,2023,SG,Defensive Big Men
340,5.6,41.9,15.4,61.1,61.1,80.0,0.1,0.6,0.7,0.5,0.3,0.2,0.4,0.6,1.6,0,0,0,0,1,1,Wendell Moore Jr.,2023,SG,Rising Stars
342,32.6,46.5,31.8,51.4,51.4,75.0,1.1,4.6,5.7,8.2,1.0,0.3,3.5,1.7,27.3,0,0,1,0,0,3,Ja Morant,2023,PG,Rising Stars
343,28.9,43.7,37.9,49.2,49.2,79.5,0.5,3.9,4.4,1.8,0.6,0.4,0.9,2.2,12.9,0,1,0,0,0,0,Marcus Morris,2023,PF,Defensive Big Men
344,10.9,41.3,41.7,40.6,40.6,0.1,0.5,1.7,2.2,1.0,0.3,0.2,0.5,1.3,3.8,0,1,0,0,0,1,Markieff Morris,2023,PF,Offensive Big Men
345,28.3,47.4,39.7,52.6,52.6,81.4,0.4,2.9,3.3,5.3,0.7,0.2,0.9,1.4,10.4,0,0,1,0,0,0,Monte Morris,2023,PG,Defensive Big Men
346,29.1,47.8,39.8,59.8,59.8,92.2,0.8,2.9,3.7,1.3,1.0,0.5,0.8,2.0,12.6,0,0,0,1,0,7,Trey Murphy III,2023,SF,All Stars
347,36.7,46.2,36.4,50.5,50.5,85.5,0.7,4.7,5.5,6.1,1.7,0.3,2.3,1.5,21.2,0,0,0,0,1,3,Dejounte Murray,2023,SG,Bench Warmers
348,32.4,45.2,38.2,49.3,49.3,82.8,0.8,3.3,4.1,5.7,1.0,0.2,2.1,1.3,19.1,0,0,1,0,0,3,Jamal Murray,2023,PG,Rising Stars
349,29.7,45.2,42.2,50.0,50.0,80.7,1.1,3.3,4.4,1.0,0.7,0.5,0.9,2.1,12.3,0,0,0,1,0,0,Keegan Murray,2023,SF,Offensive Big Men
350,14.4,42.3,38.0,51.9,51.9,81.1,0.5,2.5,3.1,0.8,0.3,0.5,0.4,1.7,5.7,1,0,0,0,0,6,Mike Muscala,2023,C,All Stars
351,3.1,50.0,60.0,0.0,0.0,60.0,0.0,0.5,0.5,0.1,0.1,0.0,0.2,0.1,1.6,0,0,0,1,0,6,Svi Mykhailiuk,2023,SF,6th Men
352,22.6,60.6,36.4,64.9,64.9,71.2,1.7,4.0,5.6,1.9,1.0,0.7,0.8,2.2,7.7,0,1,0,0,0,4,Larry Nance Jr.,2023,PF,Bench Warmers
353,27.1,42.8,34.3,50.3,50.3,88.9,0.6,2.4,2.9,4.0,1.0,0.2,1.8,2.8,8.5,0,0,0,0,1,5,Andrew Nembhard,2023,SG,Role Players
354,23.6,40.6,34.1,47.6,47.6,88.0,0.8,2.9,3.7,1.1,0.8,0.4,1.0,3.4,9.3,0,0,0,1,0,5,Aaron Nesmith,2023,SF,Role Players
355,10.3,53.6,33.3,69.2,69.2,90.0,0.2,0.8,0.9,1.4,0.4,0.1,0.4,0.8,3.1,0,0,1,0,0,4,Raul Neto,2023,PG,Rising Stars
356,19.8,45.4,42.4,56.2,56.2,92.6,0.3,2.2,2.4,1.1,0.4,0.2,0.8,1.9,9.2,0,1,0,0,0,5,Georges Niang,2023,PF,Bench Warmers
357,14.6,35.0,34.2,36.8,36.8,69.0,0.3,1.2,1.5,2.4,0.7,0.1,1.4,0.9,3.5,0,0,1,0,0,6,Daishen Nix,2023,PG,Key Pieces
358,13.1,57.1,29.3,68.7,68.7,65.3,1.3,1.0,2.3,0.3,0.3,0.4,0.4,1.8,5.1,0,1,0,0,0,4,Zeke Nnaji,2023,PF,Key Pieces
359,11.4,42.9,50.0,42.3,42.3,70.0,0.5,2.2,2.8,0.5,1.0,0.7,0.6,1.8,2.5,1,0,0,0,0,6,Nerlens Noel,2023,C,Bench Warmers
360,19.8,44.1,27.7,53.8,53.8,76.7,0.6,2.1,2.6,2.1,0.7,0.1,1.0,1.6,10.9,0,0,0,0,1,0,Jaylen Nowell,2023,SG,Bench Warmers
361,12.6,36.5,22.2,52.5,52.5,66.7,0.1,1.2,1.4,1.2,0.2,0.1,0.8,1.5,2.8,0,0,1,0,0,8,Frank Ntilikina,2023,PG,Defensive Big Men
363,14.0,41.2,32.6,49.7,49.7,81.8,0.2,1.3,1.5,1.0,0.3,0.1,0.8,0.9,7.1,0,0,0,0,1,6,Kendrick Nunn,2023,SG,Role Players
366,27.8,52.5,39.4,56.3,56.3,68.6,2.3,7.3,9.6,2.9,0.9,0.9,2.5,3.7,14.1,1,0,0,0,0,7,Jusuf Nurkić,2023,C,All Stars
367,16.0,38.9,40.0,37.6,37.6,86.0,0.8,2.4,3.2,1.0,0.3,0.2,0.9,0.9,6.1,0,0,0,1,0,6,Jordan Nwora,2023,SF,Role Players
368,34.6,39.8,40.4,38.7,38.7,70.0,0.7,4.2,4.9,4.0,0.9,0.7,1.7,3.1,9.5,0,0,0,1,0,0,Royce O'Neale,2023,SF,Key Pieces
369,21.8,36.8,30.0,51.9,51.9,76.2,1.2,3.1,4.2,1.4,0.6,0.5,0.5,1.9,5.4,0,0,0,1,0,0,Chuma Okeke,2023,SF,All Stars
370,13.0,38.9,28.6,46.3,46.3,70.5,1.4,1.6,3.0,1.2,0.6,0.4,0.9,1.4,5.1,0,0,0,0,1,8,Josh Okogie,2023,SG,Offensive Big Men
371,24.6,63.5,0.0,64.2,64.2,73.0,2.7,4.8,7.5,1.0,0.7,1.2,1.0,3.2,9.2,1,0,0,0,0,1,Onyeka Okongwu,2023,C,Key Reserves
372,20.2,47.4,33.0,60.3,60.3,73.2,0.7,1.9,2.6,0.9,0.7,0.4,0.6,2.0,5.9,0,0,0,1,0,7,Isaac Okoro,2023,SF,Offensive Big Men
373,7.1,42.1,33.3,52.9,52.9,87.5,0.2,0.8,1.0,0.4,0.2,0.2,0.2,1.1,1.3,0,1,0,0,0,6,KZ Okpala,2023,PF,All Stars
374,28.4,40.9,29.8,51.1,51.1,75.4,0.5,2.8,3.3,3.8,1.6,0.2,1.8,2.5,11.4,0,0,0,0,1,0,Victor Oladipo,2023,SG,Defensive Big Men
375,28.2,50.0,41.4,56.8,56.8,83.1,1.1,3.8,4.9,3.2,1.1,0.6,2.3,4.0,11.9,1,0,0,0,0,7,Kelly Olynyk,2023,C,Key Reserves
376,12.4,48.2,27.6,58.9,58.9,61.9,1.0,1.4,2.3,0.6,0.7,0.0,0.7,2.1,5.2,0,0,0,1,0,8,Eugene Omoruyi,2023,SF,Key Reserves
377,21.4,47.6,36.0,61.7,61.7,67.6,0.3,2.0,2.3,1.5,0.5,0.1,0.8,1.7,9.3,0,0,0,1,0,4,Cedi Osman,2023,SF,Rising Stars
378,32.6,42.1,30.8,50.3,50.3,71.4,1.5,3.6,5.1,1.2,1.6,0.4,1.3,3.0,20.2,0,0,0,1,0,3,Kelly Oubre Jr.,2023,SF,Role Players
379,31.8,45.0,41.3,47.5,47.5,83.0,0.4,4.0,4.4,8.7,1.4,0.4,2.0,2.4,14.5,0,0,1,0,0,3,Chris Paul,2023,PG,All Stars
380,24.0,41.2,37.8,43.6,43.6,77.6,0.3,2.0,2.3,5.3,0.9,0.2,2.0,2.0,12.1,0,0,1,0,0,6,Cameron Payne,2023,PG,Rising Stars
381,15.9,60.7,63.6,58.8,58.8,78.6,0.6,2.1,2.7,1.9,1.1,0.0,0.8,1.7,3.7,0,0,1,0,0,4,Gary Payton II,2023,PG,Key Pieces
382,5.3,35.3,37.5,30.0,30.0,88.9,0.1,1.0,1.1,0.5,0.1,0.0,0.2,0.4,1.6,0,0,0,0,1,6,Theo Pinson,2023,SG,All Stars
383,5.3,33.3,33.3,33.3,33.3,55.6,0.3,0.3,0.7,0.3,0.3,0.2,0.3,0.5,2.3,0,0,1,0,0,2,Scotty Pippen Jr.,2023,PG,Bench Warmers
384,28.2,67.4,29.7,67.4,67.4,61.5,3.4,6.4,9.7,3.6,0.6,0.6,1.5,2.8,12.2,1,0,0,0,0,4,Mason Plumlee,2023,C,Defensive Big Men
386,25.9,62.0,29.7,62.0,62.0,59.0,3.3,5.7,9.0,3.0,0.8,1.2,2.0,2.5,11.8,1,0,0,0,0,4,Jakob Poeltl,2023,C,Rising Stars
387,21.8,44.0,37.6,48.6,48.6,63.6,1.5,3.6,5.1,2.0,0.6,1.3,1.3,1.8,8.8,0,1,0,0,0,8,Aleksej Pokusevski,2023,PF,Bench Warmers
388,30.6,43.7,32.2,54.9,54.9,86.2,0.4,2.3,2.7,4.3,0.9,0.2,3.4,2.6,20.8,0,0,1,0,0,3,Jordan Poole,2023,PG,Rising Stars
389,34.0,43.7,34.6,50.1,50.1,76.6,1.4,4.1,5.5,5.6,1.3,0.4,3.6,2.7,19.2,0,0,1,0,0,3,Kevin Porter Jr.,2023,PG,Bench Warmers
390,28.9,48.1,41.0,56.3,56.3,77.4,0.9,4.8,5.7,1.1,0.6,0.5,1.1,2.3,16.3,0,0,0,1,0,7,Michael Porter Jr.,2023,SF,All Stars
391,18.3,50.0,35.3,69.2,69.2,0.1,0.8,1.6,2.4,1.0,1.4,0.0,0.5,0.9,5.5,0,0,0,1,0,1,Otto Porter Jr.,2023,SF,All Stars
392,26.8,49.9,34.1,56.7,56.7,82.9,2.6,7.5,10.1,1.8,0.5,0.2,1.3,1.7,14.4,0,1,0,0,0,7,Bobby Portis,2023,PF,6th Men
393,32.6,47.0,34.8,53.6,53.6,82.7,2.0,6.8,8.8,2.5,1.0,1.6,2.2,3.0,22.0,1,0,0,0,0,3,Kristaps Porziņģis,2023,C,6th Men
394,4.7,0.1,34.4,0.1,0.1,74.85,0.3,0.7,1.0,0.7,0.0,0.0,0.0,0.7,1.3,0,1,0,0,0,2,Micah Potter,2023,PF,Key Reserves
395,19.1,71.0,0.0,72.3,72.3,71.0,2.0,2.0,4.0,0.7,0.6,0.4,0.9,2.8,6.5,1,0,0,0,0,1,Dwight Powell,2023,C,Rising Stars
396,25.2,48.0,42.5,51.9,51.9,78.6,0.3,2.6,3.0,1.7,0.7,0.4,1.7,2.0,16.2,0,0,0,0,1,0,Norman Powell,2023,SG,Offensive Big Men
397,9.8,42.5,27.8,54.5,54.5,0.0,0.2,1.7,1.8,2.3,0.2,0.0,0.8,0.6,3.3,0,0,1,0,0,1,Jason Preston,2023,PG,Role Players
398,23.3,34.6,25.0,42.9,42.9,77.8,0.5,2.8,3.3,4.5,0.3,0.5,2.8,2.0,7.0,0,0,0,0,1,5,Joshua Primo,2023,SG,Key Pieces
399,21.0,50.3,42.1,59.1,59.1,81.8,0.3,2.1,2.3,1.3,0.4,0.3,1.1,2.4,8.7,0,0,0,1,0,7,Taurean Prince,2023,SF,Role Players
400,12.5,40.1,33.0,50.8,50.8,66.7,0.5,1.1,1.6,1.1,0.3,0.0,0.7,0.7,4.9,0,0,1,0,0,8,Payton Pritchard,2023,PG,Key Pieces
401,10.0,24.1,13.3,35.7,35.7,0.1,1.1,1.3,2.4,0.9,0.3,0.7,1.0,0.6,3.0,0,0,0,0,1,1,Trevelin Queen,2023,SG,All Stars
402,6.3,75.0,29.7,75.0,75.0,0.0,1.0,1.3,2.3,0.3,0.0,0.3,0.3,1.8,3.0,1,0,0,0,0,1,Neemias Queta,2023,C,Rising Stars
403,27.4,43.5,34.5,51.5,51.5,84.1,0.7,3.4,4.1,3.1,0.9,0.1,1.2,2.1,12.6,0,0,1,0,0,5,Immanuel Quickley,2023,PG,Key Pieces
404,35.7,46.1,34.3,55.1,55.1,74.7,2.3,8.5,10.8,4.0,0.7,0.3,2.7,3.1,24.7,0,1,0,0,0,3,Julius Randle,2023,PF,Bench Warmers
405,28.9,48.8,36.0,61.2,61.2,89.6,0.6,2.4,3.1,2.2,0.6,0.4,1.4,1.7,10.8,0,0,0,0,1,7,Austin Reaves,2023,SG,Rising Stars
407,21.9,44.9,30.4,55.0,55.0,87.9,0.4,1.2,1.6,1.0,0.8,0.4,0.8,1.6,8.4,0,0,0,1,0,5,Cam Reddish,2023,SF,All Stars
408,9.0,31.9,36.6,25.0,25.0,72.2,0.3,1.3,1.6,0.5,0.3,0.1,0.5,1.0,2.3,0,0,0,0,1,6,Davon Reed,2023,SG,Offensive Big Men
409,9.7,56.7,0.0,59.3,59.3,75.0,1.4,2.0,3.4,0.4,0.7,0.6,0.6,1.9,3.2,1,0,0,0,0,1,Paul Reed,2023,C,Rising Stars
410,17.6,53.9,32.0,66.8,66.8,68.0,1.2,3.5,4.7,0.9,0.6,0.9,1.3,2.4,10.1,1,0,0,0,0,4,Naz Reid,2023,C,Bench Warmers
411,12.0,33.3,0.0,50.0,50.0,78.3,0.0,1.0,1.0,0.0,0.0,0.0,0.0,3.0,2.0,0,0,0,0,1,8,Jared Rhoden,2023,SG,6th Men
412,17.0,62.4,29.7,62.4,62.4,72.5,2.5,3.1,5.6,0.5,0.2,0.9,0.8,2.2,8.1,1,0,0,0,0,4,Nick Richards,2023,C,Role Players
413,23.2,43.9,36.2,52.4,52.4,87.3,0.7,2.0,2.7,3.2,0.8,0.2,1.4,1.6,11.2,0,0,0,0,1,5,Josh Richardson,2023,SG,All Stars
414,21.2,46.3,36.3,60.3,60.3,83.9,0.1,1.7,1.8,1.5,0.6,0.0,0.5,1.7,5.5,0,0,0,0,1,4,Austin Rivers,2023,SG,Key Pieces
415,17.9,36.8,33.1,51.4,51.4,90.9,0.3,1.7,1.9,1.2,0.3,0.0,0.7,2.0,6.9,0,0,0,1,0,5,Duncan Robinson,2023,SF,Role Players
416,26.9,67.4,29.7,67.4,67.4,50.6,4.3,4.6,8.9,1.0,0.9,1.8,0.5,2.9,7.2,1,0,0,0,0,4,Mitchell Robinson,2023,C,Bench Warmers
417,14.5,54.1,0.0,58.0,58.0,73.1,1.5,2.7,4.3,0.8,0.5,0.4,0.6,1.9,4.3,1,0,0,0,0,1,Orlando Robinson,2023,C,Offensive Big Men
418,21.1,48.9,38.2,57.1,57.1,78.6,2.0,3.0,5.0,1.0,0.7,0.4,0.6,1.9,8.5,0,1,0,0,0,7,Jeremiah Robinson-Earl,2023,PF,Offensive Big Men
419,10.6,44.3,32.7,52.1,52.1,44.4,0.5,2.0,2.5,0.9,0.4,0.2,0.5,1.1,4.0,0,1,0,0,0,8,Isaiah Roby,2023,PF,Defensive Big Men
420,18.1,41.1,28.5,54.5,54.5,60.0,0.6,2.1,2.7,0.7,0.5,0.3,0.9,1.5,6.3,0,1,0,0,0,8,David Roddy,2023,PF,6th Men
421,5.2,35.0,33.3,36.4,36.4,0.1,0.3,0.8,1.0,0.5,0.1,0.1,1.3,0.8,1.9,0,0,1,0,0,1,Ryan Rollins,2023,PG,Defensive Big Men
422,12.9,39.4,31.7,44.2,44.2,91.7,0.3,1.2,1.5,1.8,0.3,0.2,0.8,0.7,5.8,0,0,1,0,0,5,Derrick Rose,2023,PG,All Stars
423,22.0,43.1,38.1,48.9,48.9,75.0,0.2,1.7,2.0,1.3,0.6,0.2,0.9,1.2,7.8,0,0,0,0,1,0,Terrence Ross,2023,SG,Defensive Big Men
424,35.7,41.7,33.9,47.2,47.2,82.2,1.0,3.2,4.2,5.1,1.0,0.2,2.3,1.9,21.7,0,0,0,0,1,3,Terry Rozier,2023,SG,6th Men
425,15.1,28.6,29.2,27.8,27.8,66.7,0.3,2.1,2.4,3.0,0.6,0.0,0.5,1.6,4.4,0,0,1,0,0,6,Ricky Rubio,2023,PG,Defensive Big Men
426,33.1,46.1,38.6,53.8,53.8,85.4,0.5,2.5,3.0,6.3,1.1,0.4,2.7,2.2,17.6,0,0,1,0,0,3,D'Angelo Russell,2023,PG,Offensive Big Men
428,8.8,34.5,37.9,23.8,23.8,88.9,0.1,0.7,0.8,0.4,0.1,0.0,0.2,0.7,3.3,0,0,0,1,0,6,Matt Ryan,2023,SF,Defensive Big Men
431,34.5,61.0,36.4,63.8,63.8,74.9,3.0,9.4,12.4,7.1,0.7,0.5,3.0,3.6,18.5,1,0,0,0,0,7,Domantas Sabonis,2023,C,Offensive Big Men
432,13.8,43.2,39.0,46.1,46.1,82.5,1.1,2.6,3.7,1.5,0.4,0.1,1.0,1.8,5.6,0,1,0,0,0,6,Dario Šarić,2023,PF,Role Players
433,3.0,50.0,0.1,0.0,0.0,77.2,0.0,0.0,0.0,0.5,0.5,0.0,0.0,0.5,1.5,0,0,0,1,0,2,Jordan Schakel,2023,SF,Defensive Big Men
434,13.0,47.8,33.3,68.4,68.4,89.5,0.7,1.2,1.9,0.9,0.2,0.1,0.2,1.9,4.6,0,1,0,0,0,4,Admiral Schofield,2023,PF,Key Pieces
435,30.5,40.9,33.3,45.4,45.4,88.5,0.3,2.4,2.7,3.8,0.8,0.1,1.6,2.3,12.2,0,0,1,0,0,5,Dennis Schröder,2023,PG,Defensive Big Men
436,2.0,50.0,36.2,50.0,50.0,78.3,0.3,0.0,0.3,0.0,0.0,0.0,0.0,0.3,1.0,0,0,0,0,1,4,Dereon Seabron,2023,SG,Rising Stars
437,28.0,57.5,31.3,59.4,59.4,74.0,3.3,5.7,8.9,3.6,0.8,1.0,2.4,3.4,15.5,1,0,0,0,0,7,Alperen Şengün,2023,C,Role Players
438,23.9,49.9,41.8,52.6,52.6,82.9,0.8,1.4,2.2,2.7,0.6,0.1,1.7,2.4,14.3,0,0,0,0,1,0,Collin Sexton,2023,SG,Defensive Big Men
439,21.4,38.0,37.7,38.8,38.8,91.1,0.3,1.4,1.7,2.2,0.6,0.2,1.0,1.5,9.5,0,0,0,0,1,6,Landry Shamet,2023,SG,6th Men
440,9.1,52.1,80.0,50.0,50.0,66.7,1.5,2.0,3.5,0.8,0.2,0.6,0.8,1.7,3.7,1,0,0,0,0,4,Day'Ron Sharpe,2023,C,6th Men
441,19.8,47.2,33.6,56.2,56.2,63.6,0.7,1.7,2.4,0.5,0.3,0.2,0.7,1.7,7.7,0,0,0,0,1,8,Shaedon Sharpe,2023,SG,Key Pieces
442,37.7,47.1,31.4,51.6,51.6,77.2,1.9,6.1,8.0,6.3,0.7,0.6,2.6,3.3,25.0,1,0,0,0,0,3,Pascal Siakam,2023,C,Rising Stars
443,27.3,56.6,0.0,56.9,56.9,44.6,1.0,5.5,6.5,6.4,1.4,0.6,2.4,3.4,7.4,0,0,1,0,0,1,Ben Simmons,2023,PG,Defensive Big Men
444,1.5,0.0,0.0,61.0,61.0,71.4,0.0,0.0,0.0,0.0,0.0,0.0,0.0,0.0,0.0,1,0,0,0,0,2,Marko Simonovic,2023,C,Role Players
445,35.9,44.9,37.7,53.8,53.8,90.0,0.3,2.5,2.8,4.0,0.7,0.3,2.2,2.5,21.6,0,0,0,0,1,3,Anfernee Simons,2023,SG,Role Players
446,14.9,81.4,29.7,81.4,81.4,80.0,1.9,2.8,4.8,0.4,0.2,0.6,0.5,1.7,3.9,1,0,0,0,0,4,Jericho Sims,2023,C,Rising Stars
447,32.4,42.2,33.3,53.5,53.5,76.7,0.7,2.7,3.4,7.2,1.3,0.4,2.4,2.7,11.1,0,0,1,0,0,0,Marcus Smart,2023,PG,All Stars
448,25.6,40.9,20.4,47.0,47.0,75.0,0.5,2.3,2.8,4.8,1.4,0.4,1.5,2.4,8.0,0,0,1,0,0,5,Dennis Smith Jr.,2023,PG,All Stars
449,13.4,35.7,16.7,50.0,50.0,78.3,0.2,1.6,1.8,1.0,0.8,0.6,0.2,2.0,2.2,0,0,0,0,1,8,Dru Smith,2023,SG,Bench Warmers
451,8.5,41.9,33.3,42.9,42.9,50.0,0.0,0.7,0.8,1.7,0.3,0.3,1.0,0.6,2.5,0,0,1,0,0,2,Ish Smith,2023,PG,Role Players
452,29.6,38.7,30.1,47.3,47.3,77.8,1.2,5.8,7.0,1.0,0.6,1.0,1.4,3.0,11.9,0,1,0,0,0,0,Jabari Smith Jr.,2023,PF,Rising Stars
453,19.1,46.3,28.1,58.5,58.5,76.5,1.8,4.0,5.8,1.0,0.4,0.8,1.2,2.3,9.6,0,1,0,0,0,7,Jalen Smith,2023,PF,Key Reserves
454,26.3,46.2,27.1,52.4,52.4,67.9,1.7,3.2,4.9,2.5,0.8,0.4,1.8,2.7,10.1,0,1,0,0,0,0,Jeremy Sochan,2023,PF,Role Players
455,3.7,58.3,36.2,58.3,58.3,75.0,0.6,0.4,1.0,0.1,0.3,0.3,0.1,1.0,2.4,0,0,0,0,1,8,Jaden Springer,2023,SG,Defensive Big Men
456,19.4,45.1,31.6,51.7,51.7,69.4,0.6,2.6,3.3,0.6,0.4,0.4,0.5,1.4,5.6,0,1,0,0,0,8,Lamar Stevens,2023,PF,Role Players
457,28.1,44.8,32.5,54.9,54.9,74.4,2.4,5.5,7.9,1.2,0.4,0.7,1.4,2.7,11.3,1,0,0,0,0,0,Isaiah Stewart,2023,C,All Stars
458,30.3,40.0,33.9,53.9,53.9,88.9,0.7,2.9,3.7,2.2,0.7,0.2,1.0,2.0,12.7,0,0,0,1,0,5,Max Strus,2023,SF,Defensive Big Men
459,22.7,40.7,27.5,52.7,52.7,69.4,0.9,1.9,2.7,3.8,1.1,0.4,2.0,2.4,9.1,0,0,1,0,0,0,Jalen Suggs,2023,PG,Defensive Big Men
460,13.5,46.0,33.8,51.8,51.8,92.3,0.2,1.3,1.5,1.4,0.6,0.2,0.9,1.6,6.7,0,0,0,0,1,6,Edmond Sumner,2023,SG,Offensive Big Men
461,7.4,33.3,37.5,0.0,0.0,77.2,0.2,1.2,1.4,0.8,0.0,0.0,0.0,0.6,1.8,0,0,0,1,0,2,Cole Swider,2023,SF,Offensive Big Men
462,20.7,45.3,31.6,49.3,49.3,80.0,1.6,2.3,3.9,3.1,0.8,0.2,1.7,3.4,7.7,0,0,0,1,0,0,Jae'Sean Tate,2023,SF,Defensive Big Men
463,37.5,46.5,35.0,55.0,55.0,86.9,1.1,7.6,8.7,4.4,1.1,0.8,2.9,2.2,31.1,0,1,0,0,0,3,Jayson Tatum,2023,PF,All Stars
464,8.9,45.3,22.2,54.3,54.3,71.4,0.9,0.7,1.6,0.4,0.1,0.2,0.4,0.9,2.7,0,1,0,0,0,8,Terry Taylor,2023,PF,Key Pieces
465,7.6,41.2,40.0,42.9,42.9,75.0,0.1,0.6,0.7,0.6,0.6,0.1,0.2,0.9,2.4,0,0,0,0,1,6,Garrett Temple,2023,SG,Offensive Big Men
466,3.1,37.5,25.0,41.7,41.7,75.0,0.1,0.3,0.3,0.4,0.1,0.1,0.2,0.2,0.9,0,0,0,0,1,2,Dalen Terry,2023,SG,6th Men
467,13.8,43.7,38.6,45.3,45.3,78.3,0.1,1.2,1.3,1.2,0.4,0.1,0.8,0.9,7.0,0,0,0,0,1,6,Cam Thomas,2023,SG,6th Men
468,32.5,41.9,39.4,45.3,45.3,89.2,0.7,3.3,4.0,2.4,0.6,0.4,1.7,2.2,21.1,0,0,0,0,1,3,Klay Thompson,2023,SG,6th Men
469,11.1,36.0,25.0,47.9,47.9,73.9,0.5,1.3,1.8,0.4,0.2,0.2,0.5,0.8,2.7,0,1,0,0,0,8,JT Thor,2023,PF,Bench Warmers
470,12.1,43.5,33.3,56.3,56.3,70.0,0.4,0.9,1.2,0.5,0.9,0.3,0.2,1.3,2.7,0,0,0,0,1,8,Matisse Thybulle,2023,SG,Key Pieces
472,12.5,60.0,30.0,63.2,63.2,51.4,1.7,1.8,3.5,0.8,0.7,0.3,0.4,1.0,4.8,0,1,0,0,0,8,Xavier Tillman Sr.,2023,PF,Defensive Big Men
473,3.3,25.0,0.0,0.1,0.1,74.85,0.0,0.0,0.0,0.0,0.0,0.0,0.0,0.0,0.5,0,1,0,0,0,2,Isaiah Todd,2023,PF,Offensive Big Men
474,15.4,42.3,37.2,48.9,48.9,82.6,0.5,2.8,3.3,0.9,0.4,0.2,0.6,1.0,6.8,0,1,0,0,0,6,Obi Toppin,2023,PF,Rising Stars
475,12.2,50.0,20.0,63.0,63.0,73.3,0.5,1.6,2.0,0.8,0.3,0.2,0.6,1.5,2.7,0,0,0,1,0,1,Juan Toscano-Anderson,2023,SF,Key Pieces
476,33.8,50.5,32.5,61.8,61.8,88.5,1.7,6.5,8.2,5.3,0.8,0.7,3.1,3.9,20.8,0,1,0,0,0,3,Karl-Anthony Towns,2023,PF,Key Pieces
477,33.2,44.4,36.7,52.0,52.0,83.1,0.4,2.1,2.5,1.5,1.7,0.3,0.9,1.7,18.6,0,0,0,0,1,3,Gary Trent Jr.,2023,SG,All Stars
478,26.4,39.8,38.2,42.1,42.1,88.9,1.3,2.7,4.0,0.9,0.5,0.3,0.7,2.5,3.2,0,1,0,0,0,6,P.J. Tucker,2023,PF,All Stars
479,29.9,54.4,39.3,62.5,62.5,76.2,1.5,6.3,7.8,1.3,0.6,2.4,1.6,3.2,17.5,1,0,0,0,0,7,Myles Turner,2023,C,6th Men
480,24.8,53.7,35.2,57.2,57.2,82.6,2.7,6.9,9.6,1.6,0.3,0.5,2.0,3.1,14.6,1,0,0,0,0,7,Jonas Valančiūnas,2023,C,All Stars
481,24.4,55.7,34.5,60.4,60.4,67.0,2.4,5.5,7.9,2.8,1.0,0.3,1.4,2.6,8.5,0,1,0,0,0,4,Jarred Vanderbilt,2023,PF,All Stars
482,37.0,39.5,34.1,45.7,45.7,89.9,0.5,3.8,4.3,6.5,1.6,0.6,1.8,3.0,19.2,0,0,1,0,0,3,Fred VanVleet,2023,PG,6th Men
483,31.3,44.5,40.4,47.7,47.7,79.3,0.2,3.8,4.0,3.6,1.2,0.4,1.6,1.4,19.4,0,0,0,0,1,3,Devin Vassell,2023,SG,6th Men
484,24.9,40.6,32.6,52.4,52.4,87.0,0.4,1.8,2.2,2.6,0.8,0.1,1.4,2.3,9.5,0,0,1,0,0,5,Gabe Vincent,2023,PG,Bench Warmers
485,7.4,45.8,25.0,50.0,50.0,0.1,0.8,1.3,2.1,0.3,0.1,0.3,0.5,1.5,1.1,1,0,0,0,0,1,Noah Vonleh,2023,C,Offensive Big Men
486,33.9,51.9,36.6,59.5,59.5,83.3,2.2,8.9,11.1,3.3,0.7,0.9,1.8,2.1,17.5,1,0,0,0,0,3,Nikola Vučević,2023,C,Bench Warmers
487,22.7,46.1,40.8,58.1,58.1,61.9,0.5,3.2,3.7,1.0,0.7,0.5,0.5,2.4,6.2,0,1,0,0,0,8,Dean Wade,2023,PF,Defensive Big Men
488,33.1,49.1,37.3,54.4,54.4,84.3,0.9,3.1,4.0,3.5,0.9,0.2,2.0,2.2,19.9,0,0,0,1,0,3,Franz Wagner,2023,SF,Offensive Big Men
489,21.7,50.0,32.0,63.4,63.4,87.8,1.5,3.8,5.3,1.8,0.7,0.2,1.4,2.9,11.5,1,0,0,0,0,7,Moritz Wagner,2023,C,All Stars
490,14.4,39.0,34.9,50.0,50.0,66.7,0.9,1.1,2.0,1.1,0.8,0.2,0.4,2.0,3.8,0,0,0,1,0,8,Ish Wainright,2023,SF,Defensive Big Men
491,8.7,40.3,18.8,47.8,47.8,66.7,0.9,1.3,2.2,0.5,0.1,0.2,0.4,1.1,2.2,0,0,0,1,0,8,Jabari Walker,2023,SF,6th Men
493,16.0,42.1,25.0,58.6,58.6,81.0,0.3,1.4,1.8,2.1,0.2,0.2,0.4,1.2,8.0,0,0,1,0,0,7,Kemba Walker,2023,PG,Rising Stars
494,29.2,46.0,38.5,52.4,52.4,88.0,0.3,2.0,2.3,1.4,0.7,0.4,1.0,1.7,14.6,0,0,0,0,1,5,Lonnie Walker IV,2023,SG,Defensive Big Men
495,22.2,40.8,30.3,45.9,45.9,68.1,0.4,2.3,2.7,5.2,0.8,0.4,2.4,1.7,11.4,0,0,1,0,0,8,John Wall,2023,PG,Defensive Big Men
496,19.0,50.0,33.3,55.4,55.4,79.3,0.5,2.3,2.9,1.2,0.6,0.3,0.7,1.7,9.3,0,1,0,0,0,7,T.J. Warren,2023,PF,Role Players
497,12.7,36.7,36.0,37.2,37.2,66.7,0.1,1.1,1.2,2.0,0.2,0.1,1.1,0.7,7.9,0,0,0,0,1,6,Duane Washington Jr.,2023,SG,All Stars
498,32.4,44.3,35.6,51.1,51.1,77.4,1.1,3.5,4.5,2.4,0.9,1.1,1.5,2.7,15.1,0,1,0,0,0,0,P.J. Washington,2023,PF,
499,11.8,33.8,15.2,51.4,51.4,50.0,0.1,1.2,1.3,1.3,0.5,0.0,0.5,1.2,3.2,0,0,1,0,0,1,TyTy Washington Jr.,2023,PG,
500,18.2,53.2,49.0,58.4,58.4,69.7,0.7,2.0,2.7,0.8,0.5,0.4,0.4,1.5,6.9,0,0,0,1,0,8,Yuta Watanabe,2023,SF,
501,11.3,38.8,37.1,60.0,60.0,71.4,0.4,1.3,1.6,0.8,0.3,0.3,0.3,1.0,4.2,0,0,0,0,1,8,Lindy Waters III,2023,SG,
502,15.0,56.7,33.3,63.8,63.8,76.0,0.6,2.7,3.3,1.4,0.4,0.1,0.8,1.6,4.8,0,1,0,0,0,4,Trendon Watford,2023,PF,
503,2.5,33.3,0.0,37.5,37.5,78.3,0.3,0.2,0.5,0.0,0.0,0.0,0.0,0.2,1.0,0,0,0,0,1,2,Peyton Watson,2023,SG,
504,10.3,47.8,42.9,50.0,50.0,50.0,0.3,0.9,1.1,1.0,0.1,0.1,1.0,1.7,4.1,0,0,0,0,1,8,Blake Wesley,2023,SG,
505,28.6,41.6,28.9,46.8,46.8,66.4,1.1,5.2,6.3,7.5,1.0,0.5,3.6,2.4,15.8,0,0,1,0,0,0,Russell Westbrook,2023,PG,
506,21.2,41.0,35.8,50.5,50.5,78.9,0.2,2.5,2.6,1.9,0.8,0.1,0.9,1.7,8.2,0,0,0,0,1,0,Coby White,2023,SG,
507,26.4,44.1,37.4,51.9,51.9,85.8,0.6,2.5,3.1,3.4,0.7,0.9,1.0,2.3,10.3,0,0,0,0,1,5,Derrick White,2023,SG,
508,3.1,33.3,33.3,33.3,33.3,77.2,0.3,0.4,0.6,0.0,0.1,0.2,0.1,0.5,0.6,0,0,0,1,0,6,Jack White,2023,SF,
509,8.5,60.0,75.0,0.0,0.0,77.2,0.0,0.0,0.0,0.5,0.0,0.0,0.5,0.0,4.5,0,0,0,1,0,6,Joe Wieskamp,2023,SF,
510,18.4,50.0,39.7,55.8,55.8,81.0,1.1,2.3,3.4,1.5,0.5,0.2,0.9,1.6,6.4,0,0,0,0,1,7,Aaron Wiggins,2023,SG,
511,31.9,47.2,39.6,53.6,53.6,61.0,1.5,3.3,4.8,2.2,1.3,0.9,1.3,2.9,17.4,0,0,0,1,0,7,Andrew Wiggins,2023,SF,
512,5.0,43.6,36.2,50.3,50.3,78.3,0.0,1.0,1.0,0.0,0.0,0.0,2.0,1.0,0.0,0,0,0,0,1,4,Alondes Williams,2023,SG,
514,27.8,48.1,42.1,56.4,56.4,84.8,1.1,3.6,4.7,1.7,0.6,0.4,1.1,2.6,9.0,0,1,0,0,0,7,Grant Williams,2023,PF,
515,28.7,51.4,31.1,59.1,59.1,74.7,0.8,3.2,3.9,2.8,1.1,0.5,1.5,2.6,12.1,0,0,0,0,1,7,Jalen Williams,2023,SG,
516,13.6,45.1,42.9,46.0,46.0,54.5,0.8,3.3,4.1,1.3,0.3,0.1,0.8,1.9,4.4,0,1,0,0,0,8,Jaylin Williams,2023,PF,
517,22.3,52.0,40.6,59.4,59.4,43.3,1.9,3.1,5.0,1.9,0.7,0.3,0.5,2.0,7.6,0,1,0,0,0,8,Kenrich Williams,2023,PF,
518,14.1,63.6,29.7,63.6,63.6,75.6,1.4,3.8,5.2,0.3,0.8,0.9,0.8,1.8,7.2,1,0,0,0,0,4,Mark Williams,2023,C,
519,29.3,46.4,41.2,50.4,50.4,88.9,1.0,3.3,4.3,1.3,0.7,0.9,1.3,2.1,10.3,0,1,0,0,0,5,Patrick Williams,2023,PF,
520,23.1,76.3,29.7,76.3,76.3,66.7,3.1,4.9,8.1,1.6,0.5,1.2,0.9,1.5,7.9,1,0,0,0,0,4,Robert Williams,2023,C,
521,5.4,23.1,11.1,50.0,50.0,78.3,0.2,0.6,0.8,0.3,0.4,0.1,0.1,0.7,0.8,0,0,0,0,1,8,Vince Williams Jr.,2023,SG,
522,18.8,42.0,25.0,59.5,59.5,76.5,0.4,2.3,2.8,0.9,0.5,0.2,1.2,2.0,6.6,0,0,0,1,0,7,Ziaire Williams,2023,SF,
523,33.0,60.8,36.8,61.8,61.8,71.4,2.0,5.0,7.0,4.6,1.1,0.6,3.4,2.2,26.0,0,1,0,0,0,7,Zion Williamson,2023,PF,
524,26.8,40.9,31.1,43.8,43.8,71.4,1.7,3.3,5.0,3.4,1.0,0.4,1.5,3.1,6.8,0,0,0,1,0,8,Justise Winslow,2023,SF,
525,12.7,60.9,50.0,61.2,61.2,65.7,0.9,2.7,3.6,0.7,0.1,0.4,0.7,1.9,6.8,1,0,0,0,0,8,James Wiseman,2023,C,
526,29.0,53.5,38.5,62.3,62.3,73.7,1.4,7.0,8.4,1.7,0.5,1.3,2.1,2.9,18.4,1,0,0,0,0,7,Christian Wood,2023,C,
527,21.2,44.1,30.8,55.9,55.9,88.9,0.9,2.0,3.0,3.6,2.0,0.3,0.8,1.2,6.6,0,0,1,0,0,5,Delon Wright,2023,PG,
528,9.0,41.7,16.7,50.0,50.0,62.5,0.3,0.8,1.1,1.3,0.5,0.2,0.6,1.0,1.7,0,0,1,0,0,8,McKinley Wright IV,2023,PG,
529,16.0,56.3,15.4,64.2,64.2,75.0,1.5,1.9,3.4,1.5,1.1,0.1,0.8,1.8,4.9,0,1,0,0,0,1,Thaddeus Young,2023,PF,
530,35.7,42.7,31.6,48.3,48.3,88.6,0.7,2.2,2.9,9.9,0.9,0.1,4.1,1.5,27.2,0,0,1,0,0,3,Trae Young,2023,PG,
531,29.2,61.0,0.0,61.3,61.3,71.2,3.4,6.8,10.1,1.0,0.4,1.3,1.8,3.0,10.1,1,0,0,0,0,1,Ivica Zubac,2023,C,
